LOAN,MORTDUE,VALUE
1700,30548.0,40320.0
1800,28502.0,43034.0
2300,102370.0,120953.0
2400,34863.0,47471.0
2400,98449.0,117195.0
2900,103949.0,112505.0
2900,104373.0,120702.0
2900,7750.0,67996.0
2900,61962.0,70915.0
3000,104570.0,121729.0
3200,74864.0,87266.0
3300,130518.0,164317.0
3600,100693.0,114743.0
3600,52337.0,63989.0
3700,17857.0,21144.0
3800,51180.0,63459.0
3900,29896.0,45960.0
3900,102143.0,118742.0
4000,105164.0,112774.0
4000,54543.0,61777.0
4000,26572.0,31960.0
4100,57992.0,63797.0
4200,56544.0,59218.0
4200,66272.0,82953.0
4200,50216.0,58541.0
4300,71206.0,78698.0
4300,68815.0,79852.0
4300,72021.0,80027.0
4400,53969.0,63869.0
4400,53091.0,64074.0
4500,66127.0,79087.0
4500,71082.0,79247.0
4700,71855.0,88566.0
4700,88026.0,115506.0
4800,56067.0,63102.0
4800,80482.0,88342.0
4900,58688.0,63348.0
4900,25597.0,23031.0
4900,67794.0,84630.0
4900,65576.0,65774.0
4900,57461.0,68494.0
5000,66839.0,87168.0
5000,90059.0,113714.0
5000,80153.0,97275.0
5000,46696.0,85202.0
5000,66435.0,82819.0
5100,85583.0,115341.0
5100,72891.0,80691.0
5100,87258.0,121382.0
5100,129319.0,141875.0
5100,66834.0,87361.0
5100,73882.0,96031.0
5100,74071.0,97064.0
5100,62702.0,79784.0
5200,40564.0,39527.0
5300,66987.0,65111.0
5300,75958.0,91703.0
5300,97132.0,117343.0
5300,47449.0,63895.0
5300,50934.0,62957.0
5400,86922.0,119846.0
5400,68625.0,82304.0
5400,65814.0,85848.0
5500,70481.0,82446.0
5500,87765.0,101053.0
5500,52897.0,65054.0
5500,93051.0,115374.0
5500,87438.0,116679.0
5500,72147.0,69918.0
5500,40584.0,46645.0
5500,37368.0,48502.0
5500,71644.0,72696.0
5500,85845.0,122205.0
5600,53793.0,66379.0
5600,69435.0,83489.0
5600,29648.0,39907.0
5600,76407.0,77485.0
5700,100934.0,111496.0
5700,49514.0,58249.0
5700,76948.0,85753.0
5700,28127.0,36524.0
5700,26927.0,35461.0
5700,77213.0,92661.0
5700,62319.0,82923.0
5700,71556.0,79538.0
5700,74172.0,79846.0
5700,28116.0,33450.0
5800,75000.0,90543.0
5800,79296.0,86885.0
5800,27791.0,46833.0
5800,46595.0,58191.0
5900,70973.0,77989.0
5900,25972.0,41856.0
5900,74187.0,78976.0
6000,95232.0,115977.0
6000,79046.0,103048.0
6100,91704.0,114799.0
6100,47604.0,54966.0
6100,62751.0,95617.0
6100,68743.0,65321.0
6100,79636.0,87276.0
6200,75657.0,84368.0
6200,46601.0,59486.0
6200,60354.0,87596.0
6200,70793.0,71552.0
6200,73881.0,98550.0
6200,133882.0,155222.0
6200,75623.0,89634.0
6300,99469.0,116260.0
6300,78724.0,80355.0
6300,92659.0,117352.0
6300,58052.0,70091.0
6300,12476.0,32559.0
6300,69357.0,73726.0
6300,26655.0,29792.0
6400,53476.0,70157.0
6400,81116.0,86148.0
6400,17491.0,63614.0
6400,62746.0,75016.0
6400,76732.0,78084.0
6400,70035.0,78635.0
6400,28041.0,33438.0
6400,57887.0,74776.0
6500,60054.0,70434.0
6500,63144.0,76754.0
6500,33639.0,37345.0
6500,81145.0,117530.0
6500,183860.0,208910.0
6500,58689.0,72557.0
6600,62380.0,89742.0
6600,68733.0,81973.0
6600,95450.0,112630.0
6700,55113.0,56486.0
6700,60301.0,70543.0
6700,49367.0,59609.0
6700,58741.0,68225.0
6700,27510.0,42495.0
6700,69773.0,83014.0
6700,51855.0,58084.0
6700,29662.0,36195.0
6700,66587.0,70710.0
6700,54161.0,59714.0
6700,134616.0,155034.0
6800,136951.0,160306.0
6800,138691.0,160063.0
6800,139578.0,154602.0
6800,57439.0,74816.0
6800,76074.0,88178.0
6800,56155.0,57912.0
6800,71666.0,99913.0
6800,75964.0,88754.0
6900,75880.0,113612.0
6900,70717.0,87466.0
6900,53776.0,51952.0
6900,53328.0,58088.0
6900,57257.0,63752.0
6900,97662.0,110046.0
6900,49932.0,66042.0
7000,73873.0,111781.0
7000,74795.0,99149.0
7000,78284.0,98214.0
7000,58128.0,93740.0
7000,81335.0,81018.0
7000,52287.0,87972.0
7000,46238.0,66842.0
7000,64255.0,68389.0
7000,129959.0,161301.0
7000,58114.0,93391.0
7000,16047.0,67750.0
7100,98490.0,114457.0
7100,25896.0,33580.0
7100,120176.0,180104.0
7100,58639.0,72412.0
7100,57863.0,70969.0
7100,64850.0,76985.0
7100,53273.0,54378.0
7200,62329.0,78007.0
7200,57912.0,84806.0
7200,98691.0,115750.0
7200,79946.0,113807.0
7200,15637.0,39660.0
7200,71667.0,117325.0
7200,22832.0,31666.0
7300,55456.0,86766.0
7300,60973.0,79443.0
7300,139348.0,205981.0
7400,32832.0,50798.0
7400,138033.0,163162.0
7400,88288.0,119677.0
7400,73985.0,114849.0
7400,51974.0,59323.0
7400,56596.0,72861.0
7400,71576.0,89068.0
7400,65032.0,83184.0
7400,82412.0,91326.0
7500,47518.0,60252.0
7500,63573.0,80601.0
7500,32070.0,36811.0
7500,72097.0,69408.0
7500,84479.0,104571.0
7500,88056.0,104794.0
7500,11358.0,36892.0
7500,12115.0,35910.0
7500,67778.0,83368.0
7500,60192.0,76475.0
7500,57213.0,92458.0
7600,133475.0,203936.0
7600,48829.0,62357.0
7600,58622.0,77726.0
7600,80900.0,99525.0
7700,32243.0,36369.0
7700,53377.0,86018.0
7700,70451.0,81862.0
7700,20887.0,26958.0
7700,76056.0,83643.0
7700,51045.0,91068.0
7800,58399.0,65945.0
7800,58364.0,66688.0
7800,64503.0,85608.0
7800,69662.0,80498.0
7800,45391.0,61743.0
7800,38506.0,50309.0
7800,55394.0,63567.0
7800,53243.0,95065.0
7900,67222.0,75189.0
7900,44690.0,45841.0
7900,40827.0,55757.0
7900,77221.0,95316.0
7900,55383.0,70020.0
7900,78532.0,122952.0
7900,41935.0,53543.0
8000,49232.0,61221.0
8000,61565.0,87624.0
8000,82547.0,105361.0
8000,70546.0,81272.0
8000,49685.0,81020.0
8000,32100.0,36739.0
8000,47154.0,65458.0
8000,92487.0,113947.0
8000,84282.0,121045.0
8000,57361.0,71167.0
8000,58006.0,94930.0
8100,48781.0,50434.0
8100,84822.0,123854.0
8100,53863.0,74705.0
8100,78977.0,91995.0
8100,81322.0,97823.0
8100,46380.0,58745.0
8100,19772.0,39431.0
8100,69047.0,82113.0
8100,26886.0,36527.0
8100,28523.0,39816.0
8100,28187.0,32584.0
8100,50373.0,65865.0
8200,10909.0,37286.0
8200,62603.0,86782.0
8200,117314.0,132770.0
8200,64006.0,80409.0
8200,72986.0,87621.0
8200,51730.0,59025.0
8200,58536.0,66546.0
8200,68013.0,77008.0
8200,76268.0,89166.0
8200,120837.0,176244.0
8200,61821.0,64832.0
8200,66254.0,74994.0
8200,67489.0,80145.0
8200,87979.0,94854.0
8200,80989.0,105080.0
8200,135929.0,200275.0
8200,48515.0,59240.0
8200,13392.0,34254.0
8300,61213.0,65798.0
8300,41481.0,50448.0
8300,14601.0,66143.0
8300,51783.0,57839.0
8300,67715.0,86945.0
8300,45842.0,50006.0
8300,101150.0,115215.0
8300,67839.0,76502.0
8300,35343.0,51986.0
8300,54039.0,89301.0
8300,71922.0,117151.0
8400,75912.0,95329.0
8400,39677.0,54707.0
8400,53841.0,64284.0
8400,82597.0,83858.0
8400,17479.0,66894.0
8400,62989.0,76718.0
8400,43589.0,49950.0
8400,62583.0,77481.0
8400,77144.0,91532.0
8400,60995.0,78444.0
8400,30146.0,39326.0
8400,35240.0,54314.0
8400,57103.0,78079.0
8400,78089.0,90660.0
8400,48032.0,95213.0
8400,57694.0,70782.0
8400,37256.0,45956.0
8500,73752.0,87931.0
8500,41210.0,45175.0
8500,64665.0,72376.0
8500,50031.0,57276.0
8500,61607.0,81126.0
8500,49266.0,64461.0
8500,50569.0,60940.0
8500,78346.0,82226.0
8500,47777.0,78979.0
8500,53459.0,62678.0
8500,77954.0,82965.0
8500,20959.0,62956.0
8500,58327.0,75044.0
8500,79484.0,87893.0
8500,73208.0,88588.0
8600,38646.0,54073.0
8600,42380.0,60733.0
8600,36933.0,42289.0
8600,78579.0,93697.0
8600,58846.0,72733.0
8600,57727.0,70828.0
8600,22960.0,80874.0
8600,75464.0,84263.0
8600,42226.0,50386.0
8600,45960.0,57473.0
8600,76703.0,100862.0
8600,44992.0,66403.0
8600,14762.0,66271.0
8600,66366.0,75957.0
8600,124810.0,176581.0
8700,46489.0,63573.0
8700,57254.0,86883.0
8700,54283.0,58563.0
8700,58007.0,73069.0
8700,54768.0,87268.0
8700,60237.0,69891.0
8700,77377.0,97070.0
8700,30716.0,84778.0
8700,78817.0,115527.0
8700,57141.0,70244.0
8700,79062.0,98038.0
8700,43759.0,50070.0
8700,93759.0,119459.0
8700,62400.0,81315.0
8700,77930.0,80164.0
8700,58060.0,65605.0
8700,51033.0,58513.0
8700,68186.0,82518.0
8700,76510.0,108130.0
8800,51740.0,60852.0
8800,135899.0,202788.0
8800,26607.0,39710.0
8800,78953.0,93018.0
8800,33395.0,51057.0
8800,32169.0,37533.0
8800,56963.0,70607.0
8800,74562.0,89695.0
8800,55990.0,89673.0
8900,80334.0,87448.0
8900,75441.0,116950.0
8900,111493.0,133191.0
8900,58503.0,74706.0
8900,62733.0,77741.0
8900,58839.0,81223.0
8900,64343.0,84013.0
8900,133847.0,157399.0
8900,147801.0,157335.0
8900,77261.0,96434.0
9000,50513.0,61190.0
9000,75453.0,100646.0
9000,81248.0,92503.0
9000,90969.0,108606.0
9000,79259.0,84322.0
9000,56162.0,75526.0
9000,51091.0,68264.0
9000,52311.0,68994.0
9000,8221.0,38290.0
9000,56930.0,67557.0
9000,52257.0,58275.0
9000,41153.0,51841.0
9000,31896.0,46195.0
9000,56226.0,67466.0
9000,131108.0,199295.0
9000,55367.0,79819.0
9000,53177.0,56782.0
9100,80719.0,86782.0
9100,50606.0,58822.0
9100,17218.0,36721.0
9100,43249.0,52946.0
9100,28550.0,40300.0
9100,24721.0,34462.0
9100,62976.0,77829.0
9100,46406.0,56134.0
9100,53764.0,56429.0
9100,78210.0,86558.0
9100,59430.0,76897.0
9100,47756.0,84022.0
9200,92395.0,114494.0
9200,55643.0,75267.0
9200,19756.0,26140.0
9200,72859.0,88183.0
9200,52531.0,66491.0
9200,57375.0,69040.0
9200,48130.0,62358.0
9300,79724.0,105493.0
9300,73252.0,100537.0
9300,75425.0,109040.0
9300,63566.0,70551.0
9300,79133.0,100033.0
9300,46466.0,57182.0
9300,59617.0,67709.0
9300,39307.0,51680.0
9300,84900.0,105798.0
9300,54088.0,66961.0
9300,38115.0,60493.0
9300,53772.0,71497.0
9300,106449.0,120066.0
9400,52371.0,55764.0
9400,49484.0,59137.0
9400,57105.0,67061.0
9400,52024.0,89107.0
9400,85448.0,94101.0
9400,81596.0,116738.0
9400,76989.0,88788.0
9400,61185.0,65302.0
9400,109991.0,125146.0
9400,122412.0,178547.0
9400,61213.0,70800.0
9400,53756.0,76077.0
9400,81546.0,119128.0
9400,77715.0,101258.0
9400,51505.0,84178.0
9400,92340.0,125451.0
9400,53244.0,62245.0
9400,77410.0,116693.0
9400,56675.0,66976.0
9400,103973.0,119817.0
9500,36114.0,45654.0
9500,115186.0,131800.0
9500,41541.0,57280.0
9500,28750.0,42408.0
9500,47019.0,59413.0
9500,131394.0,162449.0
9500,55862.0,62965.0
9500,35019.0,52710.0
9500,59494.0,75930.0
9500,54612.0,68759.0
9500,79479.0,88772.0
9600,62405.0,69459.0
9600,45158.0,55455.0
9600,64758.0,63646.0
9600,53277.0,60843.0
9600,70589.0,99384.0
9600,42357.0,99756.0
9600,53196.0,63942.0
9600,56224.0,60260.0
9600,46683.0,61773.0
9600,50655.0,59502.0
9600,45240.0,60136.0
9600,77359.0,101365.0
9600,44553.0,48626.0
9700,75566.0,92066.0
9700,45907.0,57507.0
9700,53527.0,58605.0
9700,98232.0,117321.0
9700,21883.0,67432.0
9700,84933.0,122520.0
9700,39141.0,48905.0
9700,44652.0,63232.0
9700,59633.0,70398.0
9700,63488.0,74374.0
9700,8852.0,60599.0
9700,32660.0,54536.0
9700,77394.0,86917.0
9800,54564.0,62109.0
9800,15021.0,31900.0
9800,136154.0,203815.0
9800,79405.0,111563.0
9800,74962.0,108730.0
9800,49287.0,69831.0
9800,62826.0,65912.0
9800,49298.0,73426.0
9800,32550.0,52554.0
9800,54681.0,74097.0
9800,53643.0,113161.0
9800,78022.0,103466.0
9800,52973.0,65481.0
9800,55330.0,78154.0
9800,54861.0,71138.0
9800,56188.0,90143.0
9800,63891.0,72980.0
9800,47126.0,57365.0
9800,55539.0,73560.0
9900,60488.0,75507.0
9900,35448.0,58056.0
9900,72674.0,89909.0
9900,88236.0,104953.0
9900,73804.0,97413.0
9900,28432.0,36605.0
9900,8673.0,37244.0
9900,117003.0,219783.0
9900,71371.0,84865.0
9900,55231.0,78708.0
9900,47367.0,114837.0
9900,108155.0,219936.0
9900,74009.0,108371.0
9900,82697.0,100689.0
9900,47865.0,88105.0
9900,26427.0,87134.0
9900,23767.0,39293.0
9900,31244.0,44138.0
9900,59206.0,75690.0
9900,83821.0,124527.0
10000,34350.0,54146.0
10000,68807.0,76581.0
10000,84580.0,118924.0
10000,127319.0,194992.0
10000,48769.0,65328.0
10000,133879.0,157446.0
10000,64375.0,72418.0
10000,114643.0,130127.0
10000,41949.0,51684.0
10100,114590.0,215784.0
10100,45493.0,54605.0
10100,87942.0,106000.0
10100,32608.0,47377.0
10100,66393.0,85605.0
10100,68240.0,84067.0
10100,81263.0,98536.0
10100,137299.0,200339.0
10100,47426.0,68820.0
10100,57881.0,69554.0
10100,73174.0,91101.0
10100,54873.0,73085.0
10100,49683.0,55728.0
10100,55559.0,89231.0
10100,126358.0,180305.0
10100,58446.0,71145.0
10100,63283.0,82912.0
10100,55738.0,73266.0
10100,93085.0,110069.0
10100,154005.0,175684.0
10200,69116.0,105228.0
10200,82630.0,99250.0
10200,55539.0,65357.0
10200,59907.0,71580.0
10200,84196.0,91642.0
10200,77571.0,102732.0
10200,71111.0,80385.0
10200,8907.0,59814.0
10200,78628.0,92090.0
10200,34522.0,43076.0
10200,29581.0,39992.0
10200,16322.0,86505.0
10200,80969.0,100937.0
10200,86400.0,113698.0
10200,65803.0,85155.0
10200,79257.0,105912.0
10300,70147.0,122124.0
10300,54925.0,84078.0
10300,51787.0,86200.0
10300,79243.0,89840.0
10300,46609.0,63812.0
10300,58572.0,75946.0
10300,50714.0,56088.0
10300,65382.0,73817.0
10300,74624.0,96697.0
10300,75483.0,99345.0
10300,45275.0,62724.0
10300,59340.0,84708.0
10300,82889.0,97189.0
10300,56127.0,72294.0
10300,57902.0,74355.0
10300,44941.0,60694.0
10400,63505.0,75811.0
10400,66044.0,83531.0
10400,62442.0,73197.0
10400,56610.0,86831.0
10400,64904.0,76767.0
10400,64336.0,77564.0
10400,37233.0,52320.0
10400,57816.0,82047.0
10400,39821.0,54040.0
10400,78320.0,100017.0
10400,42714.0,72322.0
10400,45710.0,55299.0
10400,11426.0,69294.0
10500,60145.0,63268.0
10500,154434.0,179486.0
10500,64331.0,65040.0
10500,13694.0,87580.0
10500,88829.0,114962.0
10500,53537.0,66674.0
10500,41467.0,58329.0
10500,57880.0,66802.0
10500,63130.0,71387.0
10500,69656.0,88198.0
10500,42003.0,53754.0
10500,76729.0,102287.0
10500,74814.0,98132.0
10500,55267.0,65160.0
10500,34044.0,55784.0
10500,27180.0,86978.0
10600,47701.0,66500.0
10600,80386.0,106526.0
10600,54344.0,92742.0
10600,39061.0,50225.0
10600,61294.0,82646.0
10600,46589.0,64559.0
10600,28264.0,86546.0
10600,44696.0,57686.0
10600,61513.0,73143.0
10600,82365.0,100272.0
10600,62909.0,81411.0
10600,56814.0,66692.0
10600,136820.0,201820.0
10600,50662.0,62491.0
10600,43676.0,61576.0
10600,66590.0,77465.0
10600,46972.0,80147.0
10600,63245.0,82041.0
10600,73844.0,107640.0
10600,83217.0,101359.0
10600,27666.0,56218.0
10600,48018.0,68963.0
10600,56352.0,75277.0
10600,72022.0,82238.0
10600,58701.0,67967.0
10700,85198.0,107044.0
10700,56197.0,79272.0
10700,126751.0,184554.0
10700,48322.0,64383.0
10700,124330.0,176350.0
10700,55341.0,78062.0
10700,55043.0,68609.0
10700,73996.0,92766.0
10700,59588.0,69166.0
10700,67523.0,85560.0
10700,50210.0,64838.0
10700,54091.0,67661.0
10700,147477.0,181050.0
10700,115118.0,124198.0
10700,110789.0,126781.0
10700,67065.0,96171.0
10800,64305.0,107374.0
10800,70214.0,83882.0
10800,49254.0,80527.0
10800,44355.0,57742.0
10800,125732.0,184667.0
10800,80203.0,98731.0
10800,64181.0,70996.0
10800,75378.0,86060.0
10800,67740.0,108135.0
10800,56477.0,94980.0
10800,78898.0,86567.0
10800,59469.0,69834.0
10800,61791.0,78361.0
10800,83441.0,92148.0
10800,49953.0,75322.0
10800,67171.0,82138.0
10800,13365.0,66979.0
10800,42191.0,57224.0
10800,61767.0,72668.0
10900,49406.0,83074.0
10900,22513.0,52355.0
10900,17282.0,70783.0
10900,56793.0,68825.0
10900,51990.0,76918.0
10900,59029.0,76120.0
10900,116030.0,125179.0
10900,45028.0,61014.0
10900,49352.0,56529.0
11000,14046.0,34777.0
11000,88252.0,112567.0
11000,52602.0,61496.0
11000,60513.0,110485.0
11000,76958.0,88607.0
11000,21738.0,86586.0
11000,77929.0,102942.0
11000,89275.0,108653.0
11000,57554.0,68222.0
11000,21780.0,85505.0
11000,63314.0,69285.0
11000,48538.0,63805.0
11000,50716.0,61492.0
11000,77517.0,86214.0
11000,56795.0,70014.0
11000,131949.0,165096.0
11000,54641.0,65705.0
11000,85758.0,108661.0
11000,60123.0,74887.0
11000,43614.0,60831.0
11000,83639.0,98081.0
11000,50178.0,64427.0
11000,77723.0,107245.0
11000,46093.0,60563.0
11000,85008.0,73223.0
11000,92521.0,110704.0
11000,48893.0,113223.0
11100,47689.0,52910.0
11100,79226.0,88112.0
11100,72402.0,86584.0
11100,17430.0,68499.0
11100,82849.0,113913.0
11100,27861.0,47737.0
11100,82329.0,100139.0
11100,80922.0,95105.0
11100,52029.0,71376.0
11100,61856.0,77275.0
11100,53232.0,86703.0
11100,75392.0,89976.0
11100,54496.0,71895.0
11100,56999.0,67427.0
11100,67366.0,102936.0
11100,35782.0,45550.0
11100,148235.0,182053.0
11100,48031.0,107561.0
11100,43167.0,60209.0
11100,50350.0,58837.0
11200,66868.0,107794.0
11200,93649.0,113833.0
11200,29348.0,87351.0
11200,44966.0,55114.0
11200,23181.0,80140.0
11200,68890.0,84059.0
11200,17411.0,86102.0
11200,56842.0,66710.0
11200,56877.0,65125.0
11200,62752.0,73003.0
11200,65508.0,103523.0
11200,153103.0,181849.0
11200,68990.0,81922.0
11200,19496.0,73140.0
11300,57377.0,75038.0
11300,124205.0,196124.0
11300,64437.0,79857.0
11300,61810.0,79817.0
11300,62168.0,80681.0
11300,56651.0,71353.0
11300,46120.0,52911.0
11300,77926.0,89216.0
11300,129489.0,195105.0
11300,54984.0,63958.0
11300,40752.0,53683.0
11300,66814.0,82021.0
11300,16115.0,69113.0
11300,77846.0,101984.0
11300,114392.0,214523.0
11300,62568.0,79009.0
11300,78902.0,100332.0
11300,74783.0,100909.0
11400,75705.0,90727.0
11400,55965.0,78051.0
11400,59813.0,72873.0
11400,125486.0,195284.0
11400,43530.0,56600.0
11400,56789.0,74016.0
11400,51203.0,60716.0
11400,28043.0,87684.0
11400,112930.0,144830.0
11400,64934.0,74875.0
11400,50166.0,61395.0
11400,52068.0,80643.0
11500,56720.0,82738.0
11500,53651.0,87547.0
11500,116430.0,215014.0
11500,43945.0,63337.0
11500,53151.0,71645.0
11500,70409.0,89099.0
11500,61264.0,75647.0
11500,44097.0,58336.0
11500,77143.0,86862.0
11500,64371.0,73636.0
11500,29281.0,37717.0
11500,104610.0,118861.0
11500,59781.0,69864.0
11500,22758.0,36922.0
11600,64143.0,78851.0
11600,92613.0,108515.0
11600,57939.0,69774.0
11600,50433.0,107092.0
11600,89205.0,128462.0
11600,22635.0,33353.0
11600,96882.0,118914.0
11600,64510.0,71105.0
11600,129432.0,198705.0
11600,73079.0,101219.0
11700,42151.0,58947.0
11700,78789.0,91342.0
11700,47072.0,85090.0
11700,95411.0,117927.0
11700,54085.0,68239.0
11700,52650.0,63646.0
11700,59932.0,80313.0
11700,63724.0,82252.0
11700,63914.0,93707.0
11700,74783.0,86227.0
11700,15163.0,74500.0
11700,56441.0,86987.0
11700,78157.0,103016.0
11700,55119.0,67931.0
11700,56990.0,83334.0
11700,101520.0,110617.0
11700,96532.0,107600.0
11800,118053.0,125325.0
11800,52104.0,61618.0
11800,79131.0,102263.0
11800,67678.0,108092.0
11800,21813.0,30436.0
11800,57760.0,65535.0
11800,65062.0,78004.0
11800,67336.0,82218.0
11800,86785.0,125552.0
11800,32257.0,59515.0
11800,65012.0,91614.0
11800,98877.0,110250.0
11900,44142.0,54299.0
11900,56443.0,86913.0
11900,85486.0,109386.0
11900,108763.0,128780.0
11900,56792.0,64130.0
11900,41009.0,68211.0
11900,28329.0,80963.0
11900,34222.0,59948.0
11900,26601.0,52544.0
11900,81849.0,105403.0
11900,29822.0,48574.0
11900,201264.0,227295.0
11900,97506.0,110902.0
11900,89595.0,107895.0
11900,78959.0,104371.0
11900,81318.0,105454.0
12000,84172.0,123415.0
12000,63019.0,74204.0
12000,41182.0,59947.0
12000,57371.0,69076.0
12000,76799.0,83864.0
12000,35028.0,55079.0
12000,7804.0,65395.0
12000,38130.0,68707.0
12000,15756.0,53079.0
12000,69796.0,93757.0
12000,79844.0,98139.0
12000,76345.0,89036.0
12000,35721.0,52938.0
12000,72786.0,84595.0
12000,76674.0,97936.0
12000,36072.0,62960.0
12000,97650.0,115931.0
12000,88210.0,114224.0
12000,84191.0,100654.0
12000,63589.0,75959.0
12000,48189.0,53969.0
12000,98428.0,114820.0
12100,56335.0,86648.0
12100,48622.0,83158.0
12100,58556.0,76724.0
12100,13218.0,82386.0
12100,96439.0,126328.0
12100,44484.0,64398.0
12100,50100.0,66410.0
12100,68941.0,75029.0
12100,50150.0,65565.0
12100,67927.0,94126.0
12100,74594.0,90555.0
12100,83557.0,98881.0
12100,61868.0,66874.0
12100,46152.0,72773.0
12100,97185.0,113004.0
12100,105104.0,144712.0
12100,85121.0,113744.0
12100,18728.0,34443.0
12100,55147.0,72553.0
12100,48149.0,74539.0
12200,61929.0,83102.0
12200,110088.0,137794.0
12200,57785.0,72971.0
12200,67474.0,88473.0
12200,136866.0,162906.0
12200,80336.0,102618.0
12200,206613.0,232176.0
12200,45095.0,64736.0
12200,70722.0,81760.0
12200,199232.0,229929.0
12200,82904.0,125057.0
12200,61302.0,90873.0
12200,27118.0,87982.0
12200,53242.0,70400.0
12200,57112.0,76050.0
12200,90154.0,110479.0
12200,86775.0,111572.0
12300,79838.0,85209.0
12300,89333.0,106107.0
12300,24552.0,48278.0
12300,61253.0,85825.0
12300,48866.0,73023.0
12300,48238.0,66603.0
12300,69499.0,104045.0
12300,60200.0,77079.0
12300,114457.0,144284.0
12300,52622.0,64407.0
12300,152274.0,177940.0
12300,27859.0,48393.0
12300,90006.0,121122.0
12300,81590.0,90050.0
12300,35651.0,59795.0
12300,50441.0,56656.0
12300,102908.0,124217.0
12300,141020.0,157511.0
12300,92573.0,119325.0
12300,68024.0,78800.0
12300,64265.0,90956.0
12400,132894.0,198168.0
12400,80510.0,97548.0
12400,137927.0,160566.0
12400,45604.0,65501.0
12400,26768.0,52411.0
12400,203902.0,234454.0
12400,16375.0,36672.0
12400,49264.0,57923.0
12400,36034.0,62953.0
12400,115902.0,146813.0
12400,115004.0,144760.0
12400,57105.0,74582.0
12400,50573.0,84008.0
12400,24769.0,87665.0
12400,83018.0,96637.0
12500,93538.0,118369.0
12500,37562.0,57081.0
12500,69117.0,101503.0
12500,10035.0,61897.0
12500,83276.0,129116.0
12500,57294.0,66615.0
12500,101047.0,118913.0
12500,56960.0,69014.0
12500,83924.0,100114.0
12500,79900.0,94660.0
12500,50097.0,73846.0
12500,77792.0,100812.0
12500,53354.0,79893.0
12500,66163.0,83727.0
12500,81865.0,101048.0
12500,17659.0,31843.0
12500,55228.0,66569.0
12500,77937.0,89710.0
12500,56791.0,72974.0
12600,71370.0,90316.0
12600,84933.0,110253.0
12600,80612.0,93802.0
12600,83921.0,90876.0
12600,45633.0,77578.0
12600,103946.0,113900.0
12600,125688.0,198602.0
12600,67860.0,103426.0
12600,55415.0,74307.0
12600,58247.0,72189.0
12600,100590.0,138649.0
12600,85335.0,97094.0
12600,83552.0,107186.0
12600,37699.0,59874.0
12600,76002.0,94236.0
12600,49986.0,67896.0
12700,204038.0,230920.0
12700,79448.0,91004.0
12700,149272.0,176467.0
12700,29471.0,48362.0
12700,72760.0,83604.0
12700,79383.0,107590.0
12700,30428.0,47387.0
12700,58293.0,82594.0
12700,27459.0,38577.0
12700,77068.0,98436.0
12700,130867.0,201245.0
12700,61840.0,73541.0
12700,79898.0,101989.0
12700,60122.0,93741.0
12700,72164.0,104220.0
12700,48139.0,64842.0
12700,9038.0,65969.0
12700,59440.0,88690.0
12700,53199.0,82567.0
12700,58606.0,83010.0
12700,107653.0,129752.0
12700,37346.0,53511.0
12800,99160.0,114619.0
12800,66293.0,92423.0
12800,117391.0,210072.0
12800,54546.0,62906.0
12800,49349.0,70078.0
12800,56516.0,78392.0
12800,40932.0,72172.0
12800,100241.0,113073.0
12800,73624.0,103213.0
12800,206527.0,227737.0
12800,54151.0,83828.0
12800,81030.0,100333.0
12800,48437.0,65311.0
12800,76783.0,95007.0
12800,58592.0,87002.0
12800,11986.0,48309.0
12800,46043.0,62531.0
12800,42801.0,51123.0
12800,91040.0,114331.0
12800,71531.0,87256.0
12800,75139.0,105289.0
12800,77318.0,97616.0
12800,85251.0,114023.0
12800,79151.0,110583.0
12800,29100.0,39264.0
12800,81694.0,101680.0
12800,68729.0,90127.0
12900,64245.0,83823.0
12900,39401.0,53758.0
12900,105638.0,112608.0
12900,59191.0,72716.0
12900,29891.0,76571.0
12900,151991.0,179521.0
12900,102905.0,117694.0
12900,92734.0,114285.0
12900,87270.0,97929.0
12900,90646.0,100744.0
12900,67038.0,110955.0
12900,89510.0,102628.0
12900,83886.0,100782.0
12900,31498.0,42695.0
12900,149297.0,177044.0
12900,117900.0,143433.0
12900,55673.0,64582.0
12900,88304.0,122178.0
12900,50636.0,57838.0
12900,52353.0,62740.0
12900,89492.0,110007.0
12900,19688.0,77998.0
12900,70167.0,90812.0
12900,45215.0,66162.0
12900,56957.0,73181.0
12900,56798.0,71364.0
12900,61031.0,71550.0
12900,18106.0,37881.0
13000,15374.0,59309.0
13000,81972.0,102295.0
13000,61509.0,77065.0
13000,80587.0,110064.0
13000,72931.0,96803.0
13000,29461.0,49326.0
13000,78766.0,106450.0
13000,49268.0,72430.0
13000,39386.0,53149.0
13000,67395.0,94355.0
13000,53951.0,70095.0
13000,96172.0,112123.0
13000,88614.0,116994.0
13000,16913.0,48587.0
13000,125969.0,144076.0
13000,26863.0,44218.0
13000,110094.0,145807.0
13000,66014.0,85528.0
13000,61865.0,72045.0
13000,44875.0,57713.0
13000,110097.0,210595.0
13000,80277.0,106799.0
13100,48153.0,70059.0
13100,70878.0,86743.0
13100,74832.0,98616.0
13100,59608.0,72561.0
13100,69259.0,75149.0
13100,64897.0,81598.0
13100,82411.0,103833.0
13100,70368.0,87407.0
13100,50552.0,59889.0
13100,73987.0,106557.0
13100,97287.0,123281.0
13100,59460.0,72387.0
13100,58039.0,68558.0
13200,155478.0,183646.0
13200,70069.0,88303.0
13200,69195.0,79252.0
13200,69697.0,91722.0
13200,58549.0,81381.0
13200,15346.0,30809.0
13200,93254.0,125738.0
13200,22270.0,38437.0
13200,77241.0,112904.0
13200,81654.0,114333.0
13200,71775.0,80480.0
13300,96201.0,124892.0
13300,76663.0,96022.0
13300,81944.0,108768.0
13300,67483.0,85454.0
13300,35000.0,44195.0
13300,14212.0,57608.0
13300,57878.0,69907.0
13300,44509.0,72292.0
13300,81574.0,103760.0
13300,86360.0,116111.0
13300,85532.0,115800.0
13300,74609.0,115056.0
13300,66502.0,78138.0
13300,79512.0,92224.0
13300,55505.0,76841.0
13300,50039.0,63784.0
13300,25698.0,58760.0
13300,49491.0,69028.0
13400,53699.0,68084.0
13400,131524.0,148356.0
13400,53294.0,69042.0
13400,88810.0,102409.0
13400,58307.0,71810.0
13400,9698.0,65524.0
13400,98701.0,129679.0
13400,67941.0,84973.0
13400,51225.0,69361.0
13400,94102.0,114147.0
13400,65662.0,92050.0
13400,78465.0,97506.0
13400,5900.0,55320.0
13400,60174.0,81944.0
13400,66737.0,71117.0
13400,95084.0,117279.0
13400,87175.0,115530.0
13500,68262.0,93841.0
13500,59941.0,69336.0
13500,63572.0,102739.0
13500,88738.0,114815.0
13500,71698.0,93536.0
13500,44586.0,73764.0
13500,91734.0,114906.0
13500,82036.0,104261.0
13500,89184.0,116848.0
13500,116123.0,145597.0
13500,67180.0,85634.0
13500,92989.0,111120.0
13500,48832.0,144065.0
13500,124696.0,200707.0
13600,94727.0,112683.0
13600,66754.0,80156.0
13600,64799.0,84425.0
13600,115816.0,212995.0
13600,87294.0,115183.0
13600,66178.0,104378.0
13600,58539.0,67899.0
13600,66098.0,76014.0
13600,18232.0,75898.0
13600,55901.0,87519.0
13600,90519.0,110885.0
13600,12724.0,52016.0
13600,81620.0,101933.0
13600,7627.0,59173.0
13600,101377.0,131079.0
13600,39997.0,56571.0
13600,67354.0,81255.0
13600,13202.0,50848.0
13600,112223.0,144451.0
13700,81378.0,108628.0
13700,96225.0,112676.0
13700,74147.0,92427.0
13700,89345.0,105590.0
13700,80300.0,98088.0
13700,90714.0,120292.0
13700,35825.0,66612.0
13700,27536.0,45819.0
13700,70018.0,89803.0
13700,58788.0,87260.0
13700,64486.0,84759.0
13700,86161.0,106737.0
13700,12577.0,41075.0
13700,95065.0,123858.0
13700,74015.0,113766.0
13700,32942.0,40143.0
13700,96597.0,120380.0
13700,70763.0,78449.0
13700,53094.0,79069.0
13700,84996.0,112522.0
13700,46611.0,65031.0
13700,77824.0,94840.0
13700,88654.0,114011.0
13700,59530.0,81068.0
13800,73688.0,94071.0
13800,94843.0,125541.0
13800,57481.0,89421.0
13800,76537.0,108747.0
13800,31974.0,44417.0
13800,85805.0,135789.0
13800,18714.0,47905.0
13800,21711.0,32357.0
13800,85969.0,101664.0
13800,75142.0,95667.0
13800,78645.0,130104.0
13800,67762.0,80748.0
13800,97778.0,116814.0
13900,77699.0,92587.0
13900,11413.0,81273.0
13900,64356.0,88028.0
13900,96326.0,144668.0
13900,56710.0,59348.0
13900,62968.0,84947.0
13900,65437.0,94518.0
13900,80960.0,100730.0
13900,78442.0,105065.0
13900,84427.0,114209.0
13900,144263.0,167164.0
13900,95351.0,117381.0
13900,71425.0,81012.0
13900,51653.0,85578.0
13900,80836.0,93912.0
13900,127259.0,194233.0
13900,85358.0,101401.0
13900,88746.0,108160.0
13900,77007.0,96718.0
13900,50415.0,68166.0
13900,48110.0,63601.0
13900,47741.0,69111.0
13900,33403.0,69878.0
14000,51721.0,61193.0
14000,92583.0,114379.0
14000,83645.0,101615.0
14000,46541.0,64338.0
14000,59736.0,97411.0
14000,63451.0,105702.0
14000,50890.0,68722.0
14000,73062.0,88783.0
14000,43173.0,65985.0
14100,98856.0,143292.0
14100,79345.0,135554.0
14100,36309.0,53321.0
14100,52302.0,63589.0
14100,59402.0,91057.0
14100,54081.0,68577.0
14100,51723.0,77207.0
14100,81894.0,98285.0
14100,86730.0,117667.0
14100,86996.0,108452.0
14100,49927.0,67761.0
14100,61036.0,84979.0
14200,102512.0,128657.0
14200,84718.0,103804.0
14200,34558.0,40754.0
14200,94696.0,121528.0
14200,44412.0,72946.0
14200,68750.0,88627.0
14200,46320.0,62044.0
14200,73533.0,88924.0
14200,71979.0,86443.0
14200,100663.0,122021.0
14200,60570.0,74648.0
14200,83231.0,99400.0
14300,43826.0,70517.0
14300,85631.0,100000.0
14300,19111.0,49794.0
14300,67018.0,81805.0
14300,60811.0,89324.0
14300,45615.0,80818.0
14300,93989.0,117410.0
14300,85478.0,113372.0
14300,31607.0,70118.0
14300,52608.0,76936.0
14300,70322.0,88626.0
14300,89984.0,121189.0
14400,34291.0,68444.0
14400,77366.0,130330.0
14400,63671.0,70982.0
14400,20996.0,41987.0
14400,32683.0,48467.0
14400,46955.0,67304.0
14400,78965.0,90729.0
14400,89605.0,106290.0
14400,75360.0,105737.0
14400,46551.0,68545.0
14400,80123.0,102223.0
14400,111914.0,142105.0
14400,100487.0,118911.0
14400,78777.0,103344.0
14500,52440.0,62150.0
14500,71511.0,88632.0
14500,54927.0,63177.0
14500,70896.0,91652.0
14500,35799.0,51720.0
14500,67956.0,80318.0
14500,38986.0,49970.0
14500,100685.0,129840.0
14500,67631.0,89458.0
14500,78503.0,90558.0
14500,41911.0,54985.0
14600,54040.0,66442.0
14600,15411.0,50493.0
14600,58229.0,74027.0
14600,68182.0,83091.0
14600,206126.0,235912.0
14600,28050.0,49244.0
14600,16535.0,46993.0
14600,76194.0,106461.0
14600,21340.0,44605.0
14600,6871.0,52457.0
14600,51613.0,77912.0
14600,82837.0,95796.0
14700,49264.0,68591.0
14700,30306.0,44195.0
14700,47177.0,68456.0
14700,30210.0,42751.0
14700,51829.0,69136.0
14700,148396.0,162403.0
14700,10098.0,51653.0
14700,76888.0,96552.0
14700,89448.0,115380.0
14700,106417.0,123580.0
14700,27235.0,39102.0
14700,77565.0,101320.0
14700,33150.0,46053.0
14700,65660.0,81937.0
14700,35164.0,68061.0
14700,14275.0,90376.0
14700,76931.0,94245.0
14700,90662.0,111778.0
14700,35832.0,66260.0
14800,76875.0,95893.0
14800,48910.0,70039.0
14800,100255.0,116160.0
14800,53738.0,66258.0
14800,50570.0,69422.0
14800,64365.0,85272.0
14800,30282.0,61986.0
14800,41807.0,50931.0
14800,63508.0,87310.0
14800,60573.0,93187.0
14800,16448.0,38774.0
14800,73887.0,109451.0
14900,65303.0,84590.0
14900,101179.0,117405.0
14900,70872.0,88731.0
14900,54359.0,78408.0
14900,55480.0,76464.0
14900,45701.0,78186.0
14900,66329.0,100824.0
14900,89872.0,118027.0
14900,87167.0,114219.0
14900,57557.0,80611.0
14900,22245.0,31531.0
14900,44588.0,72331.0
14900,82930.0,103352.0
14900,87391.0,99494.0
14900,97646.0,139884.0
14900,49849.0,70075.0
14900,97930.0,113886.0
14900,51219.0,144894.0
14900,48649.0,81342.0
14900,58204.0,71257.0
14900,69723.0,83553.0
14900,72637.0,103297.0
14900,45797.0,71942.0
14900,36120.0,57095.0
15000,80988.0,97404.0
15000,81483.0,134347.0
15000,96983.0,140487.0
15000,26284.0,40908.0
15000,5627.0,64962.0
15000,46867.0,67529.0
15000,73187.0,111623.0
15000,65584.0,92582.0
15000,84832.0,107207.0
15000,44623.0,72225.0
15100,140193.0,176342.0
15100,81461.0,93548.0
15100,45351.0,65481.0
15100,73505.0,109656.0
15100,72645.0,106343.0
15100,49533.0,63607.0
15100,68043.0,80686.0
15100,96763.0,114896.0
15100,60264.0,87110.0
15100,53549.0,99812.0
15100,44959.0,68483.0
15100,101378.0,143229.0
15100,26196.0,45657.0
15100,127045.0,163833.0
15100,44700.0,76456.0
15100,81298.0,108947.0
15200,5076.0,66536.0
15200,59544.0,86360.0
15200,87116.0,105971.0
15200,47453.0,73068.0
15200,137128.0,184660.0
15200,102925.0,114520.0
15200,85303.0,131022.0
15200,49428.0,62696.0
15200,69320.0,89644.0
15200,105328.0,113931.0
15200,47200.0,74510.0
15200,20005.0,39605.0
15200,142766.0,177998.0
15200,34854.0,63519.0
15200,41049.0,50892.0
15200,90108.0,118941.0
15200,7879.0,95124.0
15200,102699.0,121925.0
15200,71233.0,84439.0
15200,8723.0,66817.0
15200,64028.0,95482.0
15300,65298.0,94301.0
15300,22079.0,168281.0
15300,57840.0,86903.0
15300,14695.0,48095.0
15300,82439.0,99896.0
15300,79541.0,94973.0
15300,101311.0,113253.0
15300,88251.0,103063.0
15300,59083.0,96073.0
15300,109767.0,117552.0
15300,54412.0,95123.0
15300,53736.0,102094.0
15300,33113.0,57991.0
15300,78375.0,108175.0
15300,77069.0,104534.0
15300,49421.0,67343.0
15400,103934.0,113696.0
15400,32131.0,47338.0
15400,100848.0,129454.0
15400,48275.0,69427.0
15400,32855.0,69663.0
15400,10074.0,57135.0
15400,50402.0,65561.0
15400,180017.0,206148.0
15400,59518.0,91172.0
15400,63456.0,96794.0
15400,104451.0,119195.0
15400,58085.0,91192.0
15400,34574.0,69751.0
15400,47749.0,74451.0
15400,73793.0,86176.0
15400,30703.0,57184.0
15400,28669.0,43078.0
15400,7839.0,48276.0
15400,39452.0,56834.0
15400,50121.0,67755.0
15500,57993.0,82248.0
15500,56206.0,137388.0
15500,59316.0,80837.0
15500,36650.0,62963.0
15500,88929.0,115249.0
15500,79185.0,88693.0
15500,98646.0,115669.0
15500,71412.0,93723.0
15500,28269.0,52822.0
15500,46846.0,70082.0
15500,46125.0,63276.0
15500,20800.0,173566.0
15500,82054.0,104627.0
15500,96426.0,122322.0
15600,83758.0,106992.0
15600,102572.0,112721.0
15600,49151.0,62005.0
15600,102881.0,117868.0
15600,104458.0,137583.0
15600,27599.0,47615.0
15600,75701.0,106389.0
15600,62622.0,106824.0
15600,76724.0,96942.0
15600,89312.0,110431.0
15600,105959.0,121747.0
15600,58728.0,92443.0
15600,74156.0,101136.0
15600,92789.0,123455.0
15600,68056.0,103179.0
15600,47537.0,66581.0
15600,62582.0,131510.0
15600,51990.0,141518.0
15700,53443.0,77704.0
15700,80200.0,88545.0
15700,64625.0,93272.0
15700,64793.0,99157.0
15700,135886.0,181894.0
15700,75764.0,97122.0
15700,35873.0,52800.0
15700,48093.0,65686.0
15700,85384.0,101302.0
15700,95128.0,122248.0
15700,79346.0,93472.0
15700,16804.0,34294.0
15700,122646.0,204282.0
15700,87754.0,103045.0
15700,81709.0,111127.0
15700,40314.0,60640.0
15700,46124.0,67964.0
15700,74587.0,93180.0
15700,58410.0,89082.0
15700,53478.0,68885.0
15800,51281.0,144202.0
15800,9407.0,60165.0
15800,61073.0,90897.0
15800,89765.0,111792.0
15800,104913.0,121214.0
15800,51163.0,157644.0
15800,78905.0,97628.0
15800,103537.0,111139.0
15800,102552.0,138171.0
15800,58388.0,100944.0
15800,71820.0,89739.0
15800,41661.0,80457.0
15800,20665.0,43790.0
15800,46716.0,60231.0
15800,74575.0,95815.0
15900,95120.0,114674.0
15900,46731.0,71521.0
15900,96854.0,156450.0
15900,65827.0,97935.0
15900,52012.0,105877.0
15900,49516.0,105352.0
15900,94108.0,113888.0
15900,38514.0,50309.0
15900,79660.0,96393.0
15900,102564.0,120724.0
15900,38860.0,68912.0
15900,101412.0,119751.0
15900,48563.0,64679.0
15900,42623.0,66458.0
15900,69548.0,89775.0
15900,107336.0,120451.0
15900,68304.0,92271.0
15900,58518.0,82095.0
15900,90017.0,114267.0
15900,19639.0,171350.0
15900,94078.0,118359.0
15900,16744.0,52234.0
16000,56295.0,77146.0
16000,71861.0,95315.0
16000,32918.0,52482.0
16000,74459.0,103255.0
16000,20648.0,167020.0
16000,82097.0,100225.0
16000,88093.0,106943.0
16000,98338.0,115759.0
16000,71670.0,84124.0
16000,52546.0,63837.0
16000,77067.0,94613.0
16000,62973.0,87698.0
16000,140979.0,181166.0
16000,57944.0,89778.0
16000,65901.0,85627.0
16000,66395.0,85782.0
16000,69861.0,87086.0
16100,49371.0,77400.0
16100,76644.0,103192.0
16100,94089.0,159427.0
16100,59734.0,93756.0
16100,99844.0,114647.0
16100,107758.0,124610.0
16100,45973.0,64430.0
16100,63152.0,85097.0
16100,76981.0,106014.0
16100,61712.0,82649.0
16100,105719.0,116491.0
16100,41379.0,57862.0
16100,54715.0,71673.0
16100,49244.0,65523.0
16100,26276.0,168105.0
16100,51041.0,72749.0
16100,72942.0,99544.0
16100,68905.0,91572.0
16200,43794.0,69458.0
16200,25329.0,37433.0
16200,62258.0,92595.0
16200,49552.0,82523.0
16200,68873.0,101797.0
16200,87248.0,116407.0
16200,70703.0,87682.0
16200,62783.0,94394.0
16200,83448.0,135447.0
16200,95465.0,114758.0
16200,22956.0,44866.0
16200,118585.0,131940.0
16200,23466.0,206368.0
16200,86021.0,113030.0
16200,105502.0,117705.0
16200,76211.0,104348.0
16200,81933.0,131208.0
16200,34984.0,46382.0
16200,46115.0,61917.0
16300,22352.0,165315.0
16300,7774.0,88649.0
16300,79087.0,102921.0
16300,71510.0,89756.0
16300,105169.0,134992.0
16300,67524.0,85577.0
16300,49868.0,76131.0
16300,69327.0,102426.0
16300,102826.0,114692.0
16300,34297.0,42629.0
16300,66038.0,98585.0
16400,50941.0,78801.0
16400,74904.0,92308.0
16400,71264.0,94726.0
16400,54818.0,74447.0
16400,57139.0,164133.0
16400,73466.0,89453.0
16400,57651.0,76854.0
16400,62018.0,91832.0
16400,107669.0,115881.0
16400,47428.0,76483.0
16400,58664.0,89589.0
16400,71906.0,86144.0
16400,100014.0,122281.0
16400,65898.0,85424.0
16400,102103.0,133626.0
16500,44330.0,72618.0
16500,47636.0,59586.0
16500,52028.0,63745.0
16500,44110.0,65748.0
16500,77049.0,98658.0
16500,64081.0,100796.0
16500,23169.0,41677.0
16500,48833.0,68872.0
16500,143404.0,165267.0
16500,126872.0,167611.0
16500,51758.0,138693.0
16500,52030.0,158296.0
16500,43223.0,46925.0
16500,44946.0,64918.0
16500,48674.0,73720.0
16500,74263.0,98922.0
16500,42317.0,66966.0
16500,94920.0,118156.0
16500,45441.0,76145.0
16500,36206.0,53040.0
16600,9626.0,96887.0
16600,81275.0,106691.0
16600,102543.0,119493.0
16600,45877.0,68563.0
16600,74784.0,100221.0
16600,71564.0,84627.0
16600,74681.0,95471.0
16600,28694.0,44165.0
16600,69644.0,100411.0
16600,71096.0,104437.0
16700,62933.0,91790.0
16700,64862.0,107919.0
16700,62933.0,95498.0
16700,102687.0,137417.0
16700,86076.0,130341.0
16700,31135.0,60478.0
16700,11059.0,92706.0
16700,59207.0,83146.0
16700,29404.0,45209.0
16700,12830.0,56465.0
16700,53423.0,85685.0
16700,5106.0,93277.0
16700,105556.0,136568.0
16800,57329.0,83695.0
16800,76852.0,90429.0
16800,27623.0,88231.0
16800,56979.0,90008.0
16800,50050.0,140222.0
16800,23670.0,41879.0
16800,62557.0,95747.0
16800,16204.0,27781.0
16800,50445.0,71711.0
16800,73280.0,103067.0
16800,102838.0,111319.0
16800,46312.0,67166.0
16800,50135.0,93772.0
16800,58193.0,82942.0
16800,39352.0,60943.0
16800,144756.0,183810.0
16800,94851.0,119053.0
16900,131002.0,166859.0
16900,30856.0,56961.0
16900,71672.0,96677.0
16900,47129.0,62342.0
16900,73128.0,101683.0
16900,68940.0,88264.0
16900,67111.0,96985.0
16900,116357.0,209364.0
16900,53252.0,89720.0
16900,88143.0,115365.0
16900,43643.0,80639.0
16900,61847.0,91671.0
16900,17988.0,137328.0
16900,102108.0,117650.0
17000,73644.0,107086.0
17000,125257.0,161009.0
17000,10866.0,171952.0
17000,70039.0,100993.0
17000,51682.0,67688.0
17000,31772.0,60289.0
17000,86341.0,133564.0
17000,27088.0,166437.0
17000,70085.0,81598.0
17000,97438.0,158780.0
17000,45671.0,64516.0
17000,6778.0,60065.0
17000,26228.0,60979.0
17000,54780.0,93091.0
17000,73184.0,96889.0
17000,60483.0,85015.0
17000,118822.0,208429.0
17000,96065.0,116416.0
17000,82662.0,111357.0
17000,108154.0,134103.0
17000,25638.0,128433.0
17100,56791.0,94396.0
17100,48471.0,71546.0
17100,19126.0,88969.0
17100,100082.0,119585.0
17100,22162.0,128989.0
17100,123463.0,160487.0
17100,74922.0,91187.0
17100,59123.0,94247.0
17100,46953.0,69086.0
17100,43085.0,68758.0
17100,32134.0,69131.0
17100,54598.0,115838.0
17100,91502.0,113251.0
17200,51352.0,64386.0
17200,62514.0,96633.0
17200,6126.0,88603.0
17200,7044.0,57831.0
17200,103519.0,118074.0
17200,89507.0,121047.0
17200,52011.0,65800.0
17200,11950.0,170000.0
17200,43996.0,79419.0
17200,33073.0,85654.0
17200,48999.0,76544.0
17200,35116.0,60489.0
17200,85977.0,109238.0
17200,45900.0,68126.0
17200,52276.0,69860.0
17200,53849.0,102326.0
17200,90567.0,118761.0
17200,99204.0,119490.0
17200,48427.0,66082.0
17200,62840.0,92946.0
17200,55254.0,118718.0
17300,91132.0,110440.0
17300,51185.0,65537.0
17300,35070.0,63862.0
17300,79412.0,114906.0
17300,99064.0,156306.0
17300,90768.0,116052.0
17300,65444.0,91244.0
17300,65136.0,83847.0
17300,110614.0,137552.0
17300,73503.0,91842.0
17300,91350.0,107834.0
17300,65077.0,91991.0
17300,32736.0,49100.0
17300,57358.0,71617.0
17300,51107.0,64135.0
17300,48132.0,78889.0
17400,77350.0,101271.0
17400,61035.0,90434.0
17400,58941.0,88470.0
17400,25859.0,43684.0
17400,43110.0,73614.0
17400,11147.0,166496.0
17400,42876.0,66085.0
17400,45861.0,61256.0
17400,44479.0,78121.0
17400,97072.0,155146.0
17400,96590.0,112115.0
17400,49765.0,66782.0
17400,123579.0,168243.0
17400,166345.0,202989.0
17400,55575.0,78661.0
17400,102228.0,115898.0
17400,64163.0,84948.0
17400,79623.0,113658.0
17500,92986.0,114276.0
17500,99853.0,163401.0
17500,17889.0,94453.0
17500,101354.0,117209.0
17500,49968.0,68025.0
17500,73071.0,94267.0
17500,51102.0,69532.0
17500,46636.0,72908.0
17500,90221.0,113564.0
17500,85183.0,108948.0
17500,61524.0,87188.0
17500,87294.0,114031.0
17500,103562.0,130613.0
17500,23288.0,94904.0
17600,39057.0,50933.0
17600,53707.0,80407.0
17600,56090.0,103992.0
17600,62996.0,86817.0
17600,73354.0,96526.0
17600,72232.0,103081.0
17600,79122.0,96116.0
17600,76043.0,95605.0
17600,44571.0,66088.0
17600,29201.0,41396.0
17600,67285.0,90816.0
17600,64857.0,82449.0
17600,59347.0,68667.0
17600,71983.0,97939.0
17600,106381.0,134476.0
17600,62198.0,101183.0
17600,71366.0,87862.0
17600,39063.0,54561.0
17600,48487.0,65665.0
17600,88661.0,114922.0
17600,61093.0,97551.0
17700,10847.0,94611.0
17700,64964.0,88856.0
17700,93302.0,116668.0
17700,50886.0,106673.0
17700,60260.0,90196.0
17700,36253.0,57420.0
17700,107395.0,133433.0
17700,71399.0,96588.0
17700,85150.0,113104.0
17700,58016.0,76416.0
17700,47064.0,71698.0
17700,56375.0,90435.0
17700,72911.0,97317.0
17700,82302.0,111228.0
17800,61494.0,85864.0
17800,38770.0,64357.0
17800,83080.0,108348.0
17800,107736.0,113100.0
17800,56956.0,74305.0
17800,60611.0,89943.0
17800,58942.0,91483.0
17800,68889.0,85642.0
17800,51689.0,115660.0
17800,137169.0,182280.0
17800,13839.0,171378.0
17800,13660.0,173360.0
17800,8642.0,88369.0
17800,36902.0,57622.0
17800,54003.0,116434.0
17800,69306.0,94504.0
17800,56432.0,157665.0
17800,44326.0,79651.0
17900,70046.0,135917.0
17900,37265.0,53214.0
17900,62697.0,89848.0
17900,72501.0,94488.0
17900,63559.0,81536.0
17900,66823.0,91680.0
17900,51080.0,92051.0
17900,46342.0,68029.0
17900,110332.0,130756.0
17900,68779.0,98623.0
18000,49255.0,61752.0
18000,62216.0,85503.0
18000,63508.0,94991.0
18000,65836.0,100292.0
18000,72152.0,102671.0
18000,88509.0,112933.0
18000,84824.0,115146.0
18000,100822.0,118817.0
18000,48724.0,72654.0
18000,90275.0,135792.0
18000,74162.0,89823.0
18000,50409.0,78404.0
18000,54196.0,71412.0
18000,41814.0,62845.0
18000,107546.0,176314.0
18100,81916.0,104048.0
18100,144692.0,183630.0
18100,53524.0,102133.0
18100,46145.0,72200.0
18100,23590.0,215548.0
18100,57864.0,164069.0
18100,71814.0,89941.0
18100,62783.0,86066.0
18100,89454.0,119019.0
18100,112832.0,182418.0
18100,95322.0,119643.0
18100,22203.0,138057.0
18100,73356.0,86885.0
18100,27239.0,39723.0
18100,23928.0,55734.0
18100,32554.0,92419.0
18100,18611.0,171194.0
18200,93702.0,158647.0
18200,16386.0,170310.0
18200,67809.0,89339.0
18200,13925.0,94898.0
18200,34593.0,56658.0
18200,49653.0,159076.0
18200,94727.0,136877.0
18200,97146.0,124195.0
18200,61690.0,89963.0
18200,61554.0,94510.0
18200,53646.0,156048.0
18200,120966.0,208782.0
18200,62141.0,90434.0
18200,68743.0,92112.0
18200,95091.0,113294.0
18200,78077.0,105522.0
18200,63852.0,93356.0
18200,39109.0,62371.0
18200,57980.0,79265.0
18300,40018.0,65355.0
18300,90337.0,103864.0
18300,109437.0,114900.0
18300,121001.0,210685.0
18300,26982.0,59552.0
18300,63351.0,87645.0
18300,109192.0,139384.0
18300,90099.0,118545.0
18300,31427.0,60249.0
18300,73510.0,95132.0
18300,93728.0,153093.0
18300,68096.0,99051.0
18300,68517.0,97151.0
18300,12169.0,93564.0
18300,67550.0,95440.0
18400,68655.0,94322.0
18400,89101.0,118748.0
18400,65519.0,89276.0
18400,88352.0,110216.0
18400,94280.0,122172.0
18400,63569.0,95729.0
18400,61049.0,96397.0
18400,99902.0,125249.0
18400,72718.0,98065.0
18400,116228.0,148722.0
18400,110580.0,137926.0
18400,83548.0,111626.0
18400,40673.0,60418.0
18400,48970.0,69559.0
18400,75491.0,101745.0
18400,62300.0,95869.0
18500,57174.0,91772.0
18500,46555.0,69186.0
18500,26389.0,85552.0
18500,14517.0,95150.0
18500,102472.0,115719.0
18500,10934.0,66367.0
18500,65165.0,90805.0
18500,81938.0,106187.0
18500,67686.0,95949.0
18500,49367.0,71485.0
18500,99474.0,127470.0
18500,38145.0,59415.0
18600,72860.0,90347.0
18600,73473.0,105848.0
18600,84874.0,115759.0
18600,47199.0,70134.0
18600,23850.0,61808.0
18600,60709.0,89683.0
18600,96993.0,134785.0
18600,100144.0,153751.0
18600,38674.0,63641.0
18600,50167.0,96312.0
18600,39783.0,59196.0
18600,119741.0,212530.0
18600,48711.0,69611.0
18600,64248.0,82690.0
18600,49385.0,70220.0
18600,43438.0,69441.0
18600,80970.0,101244.0
18600,15243.0,172611.0
18600,51936.0,75278.0
18700,37883.0,64763.0
18700,58498.0,90135.0
18700,65458.0,84639.0
18700,39441.0,71345.0
18700,69954.0,104510.0
18700,11886.0,63762.0
18700,47903.0,63933.0
18700,136790.0,178135.0
18700,110292.0,132953.0
18700,68196.0,89641.0
18700,93210.0,109980.0
18700,70562.0,91223.0
18700,66197.0,83151.0
18700,66891.0,94454.0
18700,66003.0,82410.0
18700,45365.0,71853.0
18700,59929.0,89526.0
18700,87958.0,114696.0
18700,39821.0,60672.0
18800,110098.0,120662.0
18800,77025.0,103322.0
18800,70102.0,99841.0
18800,67666.0,167619.0
18800,166737.0,199303.0
18800,73396.0,137076.0
18800,96272.0,163250.0
18800,98582.0,122597.0
18800,7739.0,65181.0
18800,66562.0,90325.0
18800,91731.0,125902.0
18800,22782.0,60590.0
18800,88828.0,116683.0
18900,127269.0,203737.0
18900,87081.0,115165.0
18900,83474.0,104133.0
18900,34583.0,59247.0
18900,91784.0,117626.0
18900,87657.0,117577.0
18900,51075.0,78045.0
18900,39727.0,68477.0
18900,55238.0,112776.0
18900,123206.0,205608.0
18900,100416.0,161147.0
18900,44605.0,65489.0
18900,61429.0,84990.0
18900,101289.0,127485.0
18900,52640.0,113391.0
18900,103130.0,120119.0
18900,64290.0,87837.0
18900,82537.0,117610.0
19000,52157.0,157459.0
19000,62356.0,92299.0
19000,172108.0,195892.0
19000,130291.0,168187.0
19000,167104.0,200184.0
19000,22236.0,169461.0
19000,75673.0,100335.0
19000,107199.0,132723.0
19000,24658.0,47027.0
19000,105729.0,172555.0
19000,42488.0,65636.0
19100,51994.0,66467.0
19100,31442.0,57151.0
19100,105111.0,176829.0
19100,46406.0,64413.0
19100,129111.0,197592.0
19100,48730.0,115967.0
19100,58453.0,76731.0
19100,22094.0,61820.0
19100,73217.0,93033.0
19200,68902.0,98737.0
19200,54483.0,81690.0
19200,73339.0,95426.0
19200,83591.0,109772.0
19200,96401.0,115545.0
19200,62215.0,76573.0
19200,57728.0,96552.0
19200,24430.0,128837.0
19200,31307.0,60202.0
19300,83141.0,112096.0
19300,84425.0,119351.0
19300,50554.0,76140.0
19300,73668.0,89061.0
19300,31950.0,53814.0
19300,27747.0,43740.0
19300,76807.0,103026.0
19300,99714.0,126965.0
19300,39926.0,101208.0
19300,33970.0,102792.0
19300,98769.0,121140.0
19300,91004.0,116827.0
19300,51580.0,83518.0
19300,96454.0,157809.0
19300,72752.0,106084.0
19400,39928.0,106271.0
19400,167450.0,200902.0
19400,51360.0,76100.0
19400,39334.0,103578.0
19400,109812.0,172705.0
19400,110745.0,173474.0
19400,52677.0,80424.0
19500,100077.0,122352.0
19500,92663.0,152627.0
19500,98718.0,122659.0
19500,88909.0,140092.0
19500,8861.0,170687.0
19500,52080.0,89913.0
19500,48835.0,72566.0
19500,100446.0,121516.0
19600,117646.0,149975.0
19600,55169.0,86203.0
19600,33284.0,61824.0
19600,49984.0,84519.0
19600,85984.0,112721.0
19700,33529.0,61209.0
19700,49793.0,113200.0
19700,62351.0,84624.0
19700,93040.0,113362.0
19700,23921.0,134867.0
19700,60999.0,89841.0
19700,105135.0,147353.0
19700,70709.0,97394.0
19700,139534.0,172125.0
19700,19349.0,133226.0
19800,73557.0,95770.0
19800,56745.0,83146.0
19800,51454.0,68073.0
19800,99137.0,121781.0
19800,13830.0,85587.0
19800,65021.0,95188.0
19800,69174.0,95154.0
19900,90966.0,154351.0
19900,168732.0,224270.0
19900,96435.0,130019.0
19900,132878.0,199172.0
19900,25589.0,90051.0
19900,170947.0,222227.0
19900,68830.0,107598.0
19900,74193.0,94078.0
19900,78142.0,102085.0
20000,38955.0,80680.0
20000,9647.0,31920.0
20000,43087.0,61438.0
20000,170706.0,224233.0
20000,46775.0,70236.0
20000,27782.0,58313.0
20000,22036.0,51068.0
20000,28440.0,91704.0
20000,9722.0,173518.0
20100,78915.0,119400.0
20100,74013.0,106578.0
20100,20153.0,94279.0
20100,16755.0,29412.0
20100,62661.0,87329.0
20100,54257.0,68830.0
20100,59726.0,79982.0
20100,104183.0,139637.0
20100,72775.0,102308.0
20100,171132.0,201214.0
20100,137009.0,286955.0
20100,84965.0,110676.0
20200,105278.0,180304.0
20200,88020.0,139200.0
20200,25956.0,92553.0
20200,61303.0,97780.0
20200,51588.0,121752.0
20200,45088.0,65211.0
20200,61477.0,98143.0
20200,51449.0,69060.0
20200,34676.0,62987.0
20200,59347.0,97816.0
20200,41479.0,70102.0
20200,82181.0,119535.0
20200,130401.0,171686.0
20300,59809.0,107994.0
20300,71387.0,107363.0
20300,82996.0,118224.0
20300,21281.0,90551.0
20300,63803.0,89079.0
20300,77325.0,133075.0
20300,180254.0,220843.0
20300,66667.0,92158.0
20300,13838.0,30813.0
20400,173975.0,219297.0
20400,29985.0,54038.0
20400,86559.0,123114.0
20400,99781.0,128452.0
20400,44746.0,63433.0
20400,19265.0,43962.0
20400,68928.0,98587.0
20400,38267.0,68684.0
20400,81823.0,114832.0
20400,132443.0,204082.0
20400,76305.0,103430.0
20400,52109.0,100316.0
20400,41985.0,100096.0
20400,60393.0,98247.0
20500,93761.0,94895.0
20500,25984.0,95541.0
20500,37437.0,65004.0
20500,86236.0,138729.0
20500,113963.0,131135.0
20500,173061.0,220886.0
20500,47130.0,66415.0
20500,41899.0,65418.0
20500,169689.0,198931.0
20500,67852.0,97944.0
20500,53438.0,118731.0
20500,87892.0,136867.0
20500,80441.0,100505.0
20500,106839.0,144460.0
20500,85884.0,103546.0
20500,64113.0,98322.0
20600,91180.0,98088.0
20600,69949.0,101807.0
20600,74828.0,106493.0
20600,16779.0,56481.0
20600,44826.0,66226.0
20600,35530.0,105838.0
20600,91183.0,138268.0
20600,52946.0,83558.0
20600,62531.0,96584.0
20600,185050.0,234004.0
20600,114947.0,173502.0
20700,80124.0,99938.0
20700,110307.0,140902.0
20700,71408.0,103991.0
20700,107766.0,146937.0
20700,140776.0,183621.0
20700,69810.0,100756.0
20700,32817.0,101720.0
20800,176235.0,209695.0
20800,56364.0,115760.0
20800,77885.0,98188.0
20800,46434.0,68490.0
20800,107787.0,182140.0
20800,51562.0,99997.0
20800,107379.0,147014.0
20800,97360.0,123854.0
20800,63764.0,97090.0
20800,58440.0,99244.0
20800,96994.0,140564.0
20800,56597.0,79582.0
20800,136884.0,180053.0
20900,71972.0,101745.0
20900,111464.0,144487.0
20900,16174.0,34886.0
20900,127077.0,204192.0
20900,59228.0,92224.0
20900,45279.0,73814.0
20900,51960.0,105524.0
20900,60553.0,91364.0
20900,66575.0,79416.0
20900,122807.0,150896.0
20900,61402.0,88659.0
21000,101678.0,144063.0
21000,53572.0,80048.0
21000,133430.0,189263.0
21000,113954.0,136249.0
21000,48735.0,71694.0
21000,67657.0,100606.0
21000,90425.0,97741.0
21000,106011.0,173778.0
21000,131378.0,199687.0
21100,16110.0,54436.0
21100,55863.0,81406.0
21100,81389.0,123842.0
21100,61427.0,83722.0
21100,63955.0,95621.0
21100,91479.0,127110.0
21100,143487.0,180122.0
21200,130373.0,204384.0
21200,85092.0,139345.0
21200,23088.0,56535.0
21200,103264.0,148968.0
21200,109747.0,174666.0
21200,70096.0,108632.0
21200,44097.0,64703.0
21200,69212.0,106273.0
21200,67272.0,107667.0
21200,62067.0,104579.0
21200,84117.0,118884.0
21200,48273.0,71102.0
21200,70400.0,96999.0
21200,55203.0,90639.0
21200,63093.0,101789.0
21200,91759.0,95165.0
21200,113648.0,145650.0
21300,133942.0,282972.0
21300,58209.0,84200.0
21300,63263.0,94180.0
21300,56729.0,114643.0
21300,107012.0,159949.0
21300,185874.0,235968.0
21300,101524.0,141859.0
21300,183386.0,230443.0
21300,72450.0,88622.0
21300,94642.0,125062.0
21300,74081.0,102810.0
21300,98507.0,125539.0
21300,68544.0,89908.0
21300,55140.0,81692.0
21300,143676.0,181960.0
21300,103989.0,143796.0
21400,96016.0,135783.0
21400,134041.0,163103.0
21400,166244.0,212505.0
21400,104657.0,147364.0
21400,53071.0,104997.0
21400,113053.0,147467.0
21400,90912.0,121714.0
21400,49459.0,69461.0
21400,64378.0,99343.0
21400,92241.0,133791.0
21400,41671.0,103427.0
21400,70112.0,94849.0
21400,143151.0,185014.0
21400,128095.0,167824.0
21400,95147.0,132304.0
21500,100727.0,146904.0
21500,107799.0,160526.0
21500,110712.0,178045.0
21500,141688.0,184241.0
21500,129361.0,284790.0
21500,135899.0,186976.0
21500,96993.0,143240.0
21500,125451.0,200594.0
21500,71636.0,96678.0
21500,94310.0,142986.0
21500,90321.0,103778.0
21500,58646.0,90807.0
21600,144276.0,190797.0
21600,45421.0,75632.0
21600,105654.0,155460.0
21600,36777.0,68300.0
21600,105759.0,139002.0
21600,61797.0,109007.0
21600,70832.0,96503.0
21600,41105.0,65411.0
21600,66711.0,105267.0
21600,59219.0,98111.0
21600,108923.0,142716.0
21600,43449.0,68744.0
21600,93937.0,147792.0
21700,56822.0,78399.0
21700,62506.0,96588.0
21700,79240.0,96784.0
21700,45640.0,67023.0
21700,29500.0,53943.0
21700,93025.0,140438.0
21700,93868.0,147228.0
21700,47024.0,71628.0
21700,45697.0,68144.0
21700,20627.0,52040.0
21700,91637.0,126105.0
21700,59947.0,94103.0
21700,88313.0,139567.0
21700,128841.0,172954.0
21700,72180.0,93427.0
21700,188525.0,234269.0
21700,24984.0,92297.0
21700,187311.0,230513.0
21800,48139.0,80114.0
21800,90065.0,122335.0
21800,80092.0,98561.0
21800,48162.0,70361.0
21800,107271.0,161219.0
21800,96709.0,123613.0
21800,133812.0,166893.0
21800,41582.0,71574.0
21800,76324.0,102287.0
21900,53598.0,74780.0
21900,51861.0,68951.0
21900,52735.0,75372.0
21900,62387.0,113827.0
21900,53458.0,77455.0
21900,105787.0,142466.0
22000,36738.0,100040.0
22000,71664.0,98015.0
22000,48041.0,88433.0
22000,15774.0,60115.0
22000,81668.0,123978.0
22000,76367.0,103928.0
22000,88898.0,121357.0
22000,70139.0,95042.0
22000,188982.0,231933.0
22000,53212.0,85006.0
22000,61251.0,91744.0
22000,61042.0,96622.0
22100,69697.0,102155.0
22100,92724.0,126348.0
22100,95351.0,117905.0
22100,57018.0,80673.0
22100,86148.0,141472.0
22100,132417.0,170643.0
22100,45993.0,67208.0
22100,36084.0,84734.0
22200,45148.0,85341.0
22200,138121.0,180144.0
22200,102345.0,148299.0
22200,93947.0,116176.0
22200,57458.0,102195.0
22200,64809.0,96831.0
22200,67626.0,109042.0
22200,9709.0,33926.0
22200,137889.0,182973.0
22300,52322.0,102958.0
22300,34326.0,103199.0
22300,59809.0,90883.0
22300,93305.0,143672.0
22300,60513.0,111713.0
22300,89591.0,149566.0
22300,133995.0,281186.0
22400,74553.0,102373.0
22400,38669.0,105881.0
22400,135912.0,181863.0
22400,65502.0,104373.0
22400,52597.0,69312.0
22400,72866.0,95734.0
22400,130184.0,164189.0
22400,93140.0,120977.0
22400,40605.0,76986.0
22400,89985.0,121601.0
22400,71051.0,102374.0
22400,51470.0,68139.0
22400,95539.0,124566.0
22400,91402.0,100845.0
22400,106561.0,157214.0
22400,16630.0,56824.0
22400,32665.0,56639.0
22400,47687.0,65704.0
22400,81617.0,125950.0
22400,18371.0,38311.0
22500,44228.0,86872.0
22500,57762.0,95790.0
22500,48405.0,86989.0
22500,96170.0,118502.0
22500,40884.0,76895.0
22500,73567.0,88157.0
22500,87361.0,140632.0
22500,75010.0,114769.0
22600,133264.0,172882.0
22600,59050.0,99152.0
22600,91177.0,112123.0
22600,96485.0,120470.0
22600,72522.0,91587.0
22600,78975.0,103374.0
22600,109808.0,139133.0
22600,41920.0,70383.0
22600,239115.0,264462.0
22600,34226.0,85424.0
22600,61503.0,101786.0
22700,73280.0,92961.0
22700,77356.0,106233.0
22700,36253.0,88461.0
22700,128020.0,164199.0
22700,94601.0,99755.0
22700,46929.0,71169.0
22700,108488.0,139559.0
22800,76502.0,101288.0
22800,96495.0,122362.0
22800,74979.0,109716.0
22800,49361.0,81914.0
22800,39166.0,84407.0
22800,132706.0,170396.0
22800,64659.0,96063.0
22800,52644.0,96376.0
22800,62754.0,101781.0
22800,129697.0,167475.0
22900,191970.0,232998.0
22900,64803.0,92258.0
22900,70497.0,103855.0
22900,41279.0,59993.0
22900,18059.0,57109.0
22900,95321.0,123082.0
22900,59702.0,97591.0
22900,136032.0,180899.0
22900,61067.0,96306.0
22900,65017.0,88066.0
22900,107241.0,138883.0
22900,161754.0,193666.0
22900,28217.0,52804.0
22900,41174.0,86851.0
22900,41130.0,81069.0
22900,50876.0,74270.0
23000,108464.0,155821.0
23000,58696.0,102176.0
23000,76561.0,111389.0
23000,68275.0,89967.0
23000,48191.0,65080.0
23000,72638.0,109183.0
23000,48003.0,64720.0
23000,71902.0,101750.0
23100,95352.0,115077.0
23100,61524.0,96308.0
23100,141937.0,179756.0
23100,93805.0,135780.0
23100,42862.0,63916.0
23100,109498.0,156191.0
23100,64601.0,100170.0
23100,235937.0,266793.0
23200,184526.0,237546.0
23200,62811.0,99320.0
23200,112948.0,159050.0
23200,129355.0,171709.0
23200,96043.0,140090.0
23200,14511.0,81579.0
23200,40905.0,81651.0
23200,131804.0,171144.0
23300,103162.0,135013.0
23300,81144.0,106102.0
23300,65310.0,89959.0
23300,143821.0,177028.0
23300,61496.0,102823.0
23300,71734.0,100072.0
23300,27793.0,50177.0
23400,64332.0,95770.0
23400,72262.0,94646.0
23400,48549.0,68957.0
23400,125750.0,165732.0
23400,97865.0,120172.0
23400,89226.0,119604.0
23400,90924.0,116819.0
23400,45766.0,66192.0
23500,95289.0,122273.0
23500,90246.0,119320.0
23500,18989.0,51607.0
23500,44952.0,70191.0
23500,68049.0,93394.0
23500,133197.0,168990.0
23500,48286.0,81958.0
23500,90129.0,141785.0
23500,37858.0,60890.0
23500,65587.0,87101.0
23500,62742.0,111921.0
23500,132737.0,285749.0
23500,94109.0,97194.0
23500,55731.0,89079.0
23500,190239.0,233603.0
23500,86144.0,138953.0
23500,62441.0,97293.0
23600,30758.0,57280.0
23600,87875.0,139025.0
23600,136607.0,172414.0
23600,50424.0,70281.0
23600,36438.0,80176.0
23600,57327.0,105411.0
23600,94908.0,101678.0
23600,96452.0,125277.0
23600,126254.0,169638.0
23600,140284.0,182591.0
23600,56023.0,83659.0
23700,76196.0,100929.0
23700,57553.0,101656.0
23700,43712.0,75191.0
23700,138632.0,186585.0
23700,46910.0,75136.0
23700,62949.0,99295.0
23700,87141.0,140428.0
23700,18825.0,55549.0
23700,58068.0,97948.0
23800,76390.0,110315.0
23800,45279.0,68939.0
23800,188250.0,233800.0
23800,55753.0,87971.0
23800,46884.0,68142.0
23800,101536.0,147601.0
23800,44372.0,67279.0
23900,236803.0,267036.0
23900,70694.0,95718.0
23900,16082.0,31196.0
23900,80406.0,108122.0
23900,90244.0,120751.0
23900,55284.0,92305.0
23900,140328.0,183533.0
24000,43427.0,68308.0
24000,96072.0,122441.0
24000,43948.0,86111.0
24000,88783.0,116967.0
24000,239568.0,266430.0
24000,111488.0,163796.0
24000,17575.0,50375.0
24100,57041.0,92081.0
24100,184697.0,238729.0
24100,61811.0,97086.0
24100,80005.0,102098.0
24100,104442.0,161366.0
24100,95549.0,112283.0
24100,57555.0,90732.0
24200,45902.0,70212.0
24200,91491.0,141827.0
24200,92572.0,121310.0
24200,242111.0,266670.0
24200,49798.0,67458.0
24200,68477.0,91598.0
24200,22763.0,47622.0
24200,63229.0,89394.0
24200,150939.0,183208.0
24200,90626.0,116601.0
24200,104005.0,158224.0
24300,70912.0,98353.0
24300,50826.0,68199.0
24300,41323.0,73309.0
24300,110442.0,138581.0
24300,236390.0,262210.0
24300,55579.0,98320.0
24300,21660.0,48475.0
24300,123686.0,153184.0
24300,42276.0,68775.0
24400,237543.0,261393.0
24400,50317.0,71327.0
24400,119111.0,154860.0
24400,147073.0,182069.0
24400,26366.0,54775.0
24400,109253.0,158257.0
24400,93411.0,140031.0
24400,65233.0,96473.0
24400,91316.0,147837.0
24400,80065.0,118423.0
24400,61260.0,103842.0
24400,112178.0,159638.0
24400,95843.0,123377.0
24500,33537.0,57048.0
24500,21470.0,52228.0
24500,80072.0,107559.0
24500,118251.0,158758.0
24500,69615.0,94656.0
24500,134188.0,171658.0
24500,67336.0,96060.0
24500,62490.0,97467.0
24500,82756.0,122917.0
24500,123319.0,159934.0
24600,113034.0,165176.0
24600,83099.0,113245.0
24600,71862.0,94704.0
24600,135278.0,164559.0
24700,55435.0,89663.0
24700,149235.0,178454.0
24700,111107.0,163926.0
24700,23231.0,54024.0
24700,109377.0,133116.0
24700,79347.0,108238.0
24700,53925.0,83056.0
24700,44306.0,74197.0
24700,98900.0,115052.0
24700,77022.0,112172.0
24800,144410.0,211936.0
24800,109084.0,140355.0
24800,98139.0,121696.0
24800,82670.0,106563.0
24800,43287.0,72898.0
24800,76220.0,102087.0
24800,64537.0,93212.0
24900,46116.0,77519.0
24900,60778.0,94374.0
24900,17139.0,33269.0
24900,134427.0,169444.0
24900,89530.0,146815.0
24900,92168.0,143484.0
24900,62191.0,83694.0
24900,139241.0,171296.0
25000,60504.0,93907.0
25000,95651.0,148280.0
25000,47032.0,75957.0
25000,75110.0,114208.0
25000,83624.0,116976.0
25000,36108.0,84365.0
25100,147622.0,187441.0
25100,77088.0,111568.0
25100,46614.0,69750.0
25100,65633.0,100776.0
25100,41314.0,71357.0
25100,58042.0,98964.0
25100,96627.0,128022.0
25100,66938.0,92544.0
25100,143881.0,243809.0
25100,73398.0,115065.0
25100,24205.0,54464.0
25100,137489.0,168216.0
25100,108235.0,201918.0
25200,94712.0,127247.0
25200,55283.0,103324.0
25200,63258.0,100392.0
25200,137054.0,207511.0
25200,75037.0,102227.0
25200,73168.0,93608.0
25200,55823.0,90658.0
25200,69510.0,90781.0
25200,74038.0,114722.0
25300,60084.0,88898.0
25300,137813.0,214014.0
25300,139427.0,245988.0
25300,22361.0,50688.0
25300,122933.0,157009.0
25300,51261.0,87025.0
25300,56393.0,86612.0
25300,46780.0,62536.0
25300,62540.0,101165.0
25400,107343.0,192642.0
25400,61907.0,87133.0
25400,149364.0,210724.0
25400,82553.0,107422.0
25400,158111.0,209649.0
25400,62906.0,96327.0
25400,138132.0,243327.0
25400,69035.0,108365.0
25400,61771.0,105880.0
25500,143881.0,178914.0
25500,79689.0,117577.0
25500,44562.0,79481.0
25500,50847.0,79738.0
25500,79593.0,113063.0
25500,113204.0,184561.0
25500,84267.0,117833.0
25500,235839.0,267506.0
25500,32458.0,52329.0
25500,73083.0,126995.0
25600,241570.0,264772.0
25600,196689.0,247025.0
25600,58606.0,89508.0
25600,78441.0,128814.0
25600,240092.0,263958.0
25600,105480.0,126389.0
25600,50910.0,87358.0
25600,144616.0,211230.0
25600,140649.0,212089.0
25600,76102.0,119391.0
25600,139746.0,210298.0
25700,94295.0,143788.0
25700,31333.0,56733.0
25700,32039.0,54499.0
25700,189995.0,250814.0
25700,26059.0,51800.0
25700,197425.0,242602.0
25700,43881.0,69954.0
25700,83733.0,116386.0
25700,32613.0,63065.0
25700,103598.0,144594.0
25700,63054.0,104624.0
25800,140785.0,208421.0
25800,70804.0,106892.0
25800,82058.0,116330.0
25800,112388.0,180313.0
25800,137140.0,167096.0
25900,201877.0,239546.0
25900,42105.0,73249.0
25900,118965.0,154728.0
25900,108319.0,135884.0
25900,145700.0,211151.0
25900,80663.0,122372.0
25900,152071.0,185893.0
25900,59575.0,85837.0
25900,56784.0,91401.0
25900,58693.0,86469.0
25900,21852.0,57518.0
25900,61064.0,94714.0
26000,43314.0,71303.0
26000,150773.0,179077.0
26000,238005.0,260479.0
26000,100548.0,207647.0
26000,107291.0,137426.0
26000,139904.0,172310.0
26000,75034.0,100852.0
26000,58794.0,91413.0
26000,119553.0,158687.0
26000,81764.0,118388.0
26000,20119.0,54563.0
26000,47067.0,63292.0
26100,75164.0,108483.0
26100,113266.0,182082.0
26100,150464.0,203202.0
26100,80176.0,113247.0
26100,103949.0,208432.0
26100,20566.0,50534.0
26200,105096.0,136580.0
26200,75096.0,120859.0
26200,77952.0,113285.0
26200,141109.0,245422.0
26200,72648.0,123582.0
26200,149599.0,181869.0
26200,100931.0,132627.0
26200,189252.0,241754.0
26300,87291.0,122531.0
26300,94337.0,123054.0
26300,147600.0,184207.0
26300,118304.0,177819.0
26300,25685.0,51023.0
26300,52394.0,93307.0
26300,58369.0,88124.0
26300,52296.0,91041.0
26300,78851.0,109090.0
26300,189302.0,249773.0
26300,94916.0,127526.0
26400,43781.0,66030.0
26400,79163.0,123792.0
26400,73679.0,98614.0
26400,130672.0,212536.0
26400,128413.0,207302.0
26400,153853.0,188760.0
26400,240907.0,260638.0
26400,44333.0,68945.0
26400,196412.0,250164.0
26400,59288.0,87753.0
26500,145393.0,187324.0
26500,63345.0,100332.0
26500,240782.0,267675.0
26500,112059.0,179599.0
26500,77198.0,131090.0
26500,84769.0,127773.0
26500,61223.0,92255.0
26500,76599.0,119041.0
26500,134952.0,165451.0
26600,148986.0,175750.0
26600,61151.0,97072.0
26600,94954.0,131913.0
26600,78491.0,121598.0
26600,140561.0,208775.0
26600,84843.0,115850.0
26600,128238.0,165316.0
26600,122501.0,153280.0
26700,146193.0,185200.0
26700,40785.0,75601.0
26700,144243.0,176096.0
26700,73468.0,108774.0
26700,81968.0,114647.0
26700,23361.0,55483.0
26700,186185.0,233480.0
26700,129559.0,170042.0
26700,18590.0,53462.0
26800,149729.0,183027.0
26800,133594.0,173255.0
26800,145772.0,193135.0
26800,96895.0,144482.0
26800,148471.0,183284.0
26800,139309.0,166621.0
26800,89146.0,128923.0
26800,124199.0,166404.0
26800,46236.0,62711.0
26800,35485.0,74949.0
26800,145745.0,211400.0
26800,138216.0,170052.0
26800,18459.0,53907.0
26900,74982.0,126972.0
26900,69446.0,104590.0
26900,57414.0,92916.0
26900,67144.0,92923.0
26900,47882.0,78854.0
26900,98324.0,129210.0
26900,54071.0,85557.0
26900,72848.0,101736.0
27000,79218.0,115721.0
27000,77910.0,117590.0
27000,50375.0,70656.0
27000,13718.0,35684.0
27000,144901.0,178093.0
27000,54515.0,82539.0
27000,45880.0,82425.0
27000,54834.0,85391.0
27000,60631.0,86091.0
27000,23160.0,58074.0
27100,140305.0,237302.0
27100,44095.0,77587.0
27100,20479.0,46735.0
27100,118200.0,159739.0
27200,70730.0,93752.0
27200,145725.0,179197.0
27200,83894.0,121302.0
27200,110470.0,180982.0
27200,61000.0,104044.0
27200,101680.0,134864.0
27200,97541.0,126368.0
27200,61118.0,35184.0
27200,24070.0,58216.0
27200,58383.0,92484.0
27300,66878.0,93656.0
27300,72314.0,118839.0
27300,97373.0,126102.0
27300,55973.0,93503.0
27300,53223.0,86696.0
27300,106221.0,137727.0
27300,37636.0,73328.0
27300,127260.0,212953.0
27300,149950.0,177309.0
27300,140773.0,188414.0
27400,99900.0,143437.0
27400,113364.0,146520.0
27400,195497.0,246354.0
27400,51298.0,90010.0
27400,46575.0,85263.0
27400,100951.0,149305.0
27400,41370.0,70528.0
27500,54511.0,84470.0
27500,97679.0,149877.0
27500,145774.0,206788.0
27500,150666.0,192346.0
27500,69579.0,117799.0
27500,131269.0,211014.0
27500,23439.0,47177.0
27600,54584.0,86568.0
27600,73846.0,100216.0
27600,60039.0,86166.0
27600,121592.0,153432.0
27600,103898.0,130784.0
27600,131887.0,174323.0
27600,150120.0,191972.0
27600,64818.0,91915.0
27600,153063.0,202542.0
27600,57327.0,87683.0
27600,54328.0,94216.0
27600,124139.0,157940.0
27600,123121.0,157337.0
27600,72468.0,106906.0
27600,112753.0,155166.0
27600,74964.0,118507.0
27700,63962.0,101676.0
27700,103249.0,206521.0
27700,97834.0,132396.0
27700,54617.0,87722.0
27700,73148.0,101462.0
27700,25947.0,49836.0
27700,77886.0,114494.0
27700,54541.0,78832.0
27700,149169.0,183234.0
27700,85285.0,116468.0
27700,76055.0,126560.0
27700,141930.0,182516.0
27700,35132.0,71456.0
27700,67446.0,99206.0
27800,114417.0,150849.0
27800,96332.0,123598.0
27800,19600.0,50594.0
27800,64804.0,97553.0
27800,127770.0,169440.0
27800,142356.0,177328.0
27800,181405.0,229116.0
27900,55859.0,92179.0
27900,73630.0,106757.0
27900,137006.0,207997.0
27900,66027.0,102745.0
27900,69589.0,115061.0
27900,62264.0,39604.0
27900,149359.0,192955.0
27900,142346.0,185057.0
27900,50988.0,81533.0
27900,113843.0,156282.0
27900,135511.0,184219.0
27900,90694.0,121543.0
28000,58002.0,86427.0
28000,59775.0,87390.0
28000,140770.0,209726.0
28000,62376.0,104073.0
28000,77322.0,118082.0
28000,96015.0,127551.0
28100,100420.0,207737.0
28100,96160.0,128767.0
28100,86778.0,110851.0
28100,32470.0,54522.0
28100,112564.0,162129.0
28200,90485.0,123674.0
28200,76011.0,129352.0
28200,58232.0,97555.0
28200,44363.0,72966.0
28200,61038.0,87534.0
28200,118728.0,160486.0
28200,109184.0,207035.0
28200,44321.0,63050.0
28200,185607.0,227617.0
28200,148455.0,191419.0
28200,100353.0,131386.0
28200,51663.0,92860.0
28200,148772.0,186023.0
28200,66242.0,109762.0
28300,72572.0,117311.0
28300,126942.0,166797.0
28300,71973.0,119224.0
28300,68959.0,102048.0
28300,145931.0,239990.0
28300,104686.0,136033.0
28400,90823.0,126845.0
28400,72870.0,95647.0
28400,46126.0,66942.0
28400,150784.0,192411.0
28400,197852.0,243593.0
28400,207687.0,242544.0
28400,106020.0,206030.0
28400,112996.0,175817.0
28400,53480.0,90560.0
28400,183314.0,232345.0
28400,36484.0,73478.0
28400,206126.0,238745.0
28500,49461.0,83352.0
28500,97262.0,131830.0
28500,108293.0,135317.0
28500,84908.0,108385.0
28500,43413.0,73248.0
28500,100145.0,130522.0
28600,32136.0,51599.0
28600,94165.0,130285.0
28600,85174.0,127306.0
28600,136546.0,185507.0
28600,26189.0,50409.0
28600,39009.0,75893.0
28600,105907.0,156126.0
28600,126189.0,167157.0
28700,107281.0,155874.0
28700,131767.0,214558.0
28700,67951.0,106093.0
28700,133188.0,179454.0
28700,25190.0,59841.0
28800,204455.0,245685.0
28800,132019.0,168828.0
28800,151328.0,194243.0
28800,30357.0,56776.0
28900,135770.0,188368.0
28900,91683.0,127833.0
28900,134509.0,211558.0
28900,89945.0,124453.0
28900,63748.0,36392.0
28900,102108.0,147463.0
28900,75887.0,117989.0
28900,77916.0,130728.0
28900,109888.0,182229.0
28900,29515.0,49525.0
29000,152065.0,192445.0
29000,32109.0,49912.0
29200,116202.0,160084.0
29200,50105.0,83815.0
29200,139299.0,180818.0
29300,228059.0,291314.0
29400,119256.0,160683.0
29400,39354.0,75553.0
29400,109457.0,145453.0
29500,232801.0,289260.0
29500,50079.0,80222.0
29500,48590.0,81354.0
29600,233916.0,291490.0
29700,46268.0,79463.0
29700,100657.0,148653.0
29800,134560.0,187551.0
29800,225481.0,290762.0
29900,230499.0,294326.0
29900,135955.0,182161.0
29900,131756.0,167302.0
30000,74975.0,118886.0
30000,79044.0,118685.0
30000,109583.0,153132.0
30000,15214.0,38094.0
30100,24350.0,40356.0
30100,138322.0,186139.0
30100,228006.0,285921.0
30100,78124.0,116280.0
30200,80951.0,116160.0
30200,20956.0,39333.0
30200,106594.0,148695.0
30300,137927.0,182588.0
30300,54352.0,79302.0
30300,109859.0,153240.0
30300,18306.0,66747.0
30300,36014.0,76525.0
30400,45747.0,78829.0
30400,40386.0,68120.0
30400,46948.0,80473.0
30400,55429.0,103948.0
30500,77246.0,121758.0
30500,57516.0,103086.0
30500,113822.0,148478.0
30500,108736.0,147531.0
30500,138082.0,181157.0
30500,10952.0,65166.0
30500,124225.0,181129.0
30500,18375.0,61738.0
30600,78355.0,124426.0
30600,231344.0,284199.0
30600,54372.0,78653.0
30700,14834.0,64870.0
30800,129062.0,176389.0
30800,29226.0,44735.0
30800,15428.0,45495.0
30800,195221.0,293118.0
30800,21172.0,37333.0
30800,125787.0,175196.0
30800,54981.0,82038.0
30900,230978.0,291013.0
30900,189798.0,301984.0
30900,190480.0,298239.0
31000,133471.0,188154.0
31000,67794.0,103535.0
31000,13542.0,58827.0
31000,51370.0,103298.0
31100,136521.0,188264.0
31200,22907.0,46357.0
31200,234304.0,290923.0
31200,14906.0,64767.0
31200,124295.0,176185.0
31200,15557.0,62847.0
31200,38352.0,80550.0
31300,119911.0,171916.0
31300,188655.0,298090.0
31300,106960.0,144201.0
31400,12617.0,36082.0
31400,16209.0,62450.0
31500,49020.0,100700.0
31500,10879.0,58089.0
31500,224572.0,282839.0
31600,11478.0,66275.0
31600,15036.0,44220.0
31700,55247.0,103246.0
31800,126316.0,180750.0
31800,125864.0,175163.0
31800,226152.0,283022.0
31800,195134.0,299299.0
31900,15150.0,61388.0
31900,104092.0,143832.0
31900,23517.0,47805.0
31900,83226.0,115509.0
31900,16363.0,43218.0
32000,33148.0,69965.0
32000,22832.0,43358.0
32100,127901.0,176592.0
32100,120725.0,168783.0
32200,16232.0,60238.0
32200,118793.0,171024.0
32200,188427.0,293790.0
32200,108871.0,151667.0
32300,235343.0,45270.0
32300,195243.0,294372.0
32300,14163.0,60626.0
32300,23448.0,45557.0
32300,28213.0,40515.0
32300,133193.0,174905.0
32300,194350.0,299720.0
32400,51220.0,106361.0
32400,128523.0,179390.0
32500,124548.0,169881.0
32500,193409.0,297294.0
32500,232057.0,286938.0
32600,233216.0,38583.0
32700,14955.0,38584.0
32800,13781.0,43371.0
32800,189564.0,296728.0
32900,232792.0,293949.0
32900,49709.0,101222.0
32900,9200.0,66056.0
33000,18026.0,57436.0
33000,232113.0,46286.0
33000,54821.0,104724.0
33000,227543.0,289091.0
33000,104422.0,152298.0
33100,236847.0,46091.0
33100,111917.0,156552.0
33100,238018.0,44379.0
33200,36705.0,78040.0
33200,195971.0,298682.0
33200,119049.0,175867.0
33200,57419.0,103648.0
33200,23858.0,40268.0
33200,140690.0,195001.0
33300,19675.0,47894.0
33400,20921.0,37363.0
33500,73761.0,117729.0
33500,18934.0,42328.0
33500,240157.0,42013.0
33500,49292.0,104421.0
33500,18804.0,43982.0
33600,87451.0,131949.0
33600,79877.0,118554.0
33600,233630.0,284049.0
33700,73877.0,124834.0
33700,142468.0,195770.0
33700,12512.0,42634.0
33700,28956.0,45640.0
33700,132617.0,172152.0
33700,147522.0,198737.0
33700,83471.0,133221.0
33700,26395.0,48905.0
33800,15648.0,43726.0
33900,128884.0,172094.0
33900,13154.0,62208.0
33900,232317.0,38412.0
33900,231455.0,290039.0
34000,121625.0,169369.0
34000,232312.0,286305.0
34000,57025.0,103563.0
34100,139035.0,198788.0
34100,241545.0,42189.0
34100,138523.0,196555.0
34100,241931.0,36486.0
34200,119575.0,175235.0
34300,146171.0,196270.0
34300,118911.0,168901.0
34400,97971.0,145124.0
34400,155536.0,169503.0
34600,169960.0,224716.0
34600,27851.0,42623.0
34600,143542.0,195327.0
34700,81688.0,131993.0
34800,138680.0,190729.0
34800,139519.0,195663.0
34900,121550.0,174507.0
34900,236340.0,37598.0
35000,240994.0,39401.0
35000,239058.0,40848.0
35100,88197.0,132776.0
35200,239513.0,37076.0
35200,234682.0,37079.0
35200,239987.0,43028.0
35300,83439.0,134691.0
35400,90295.0,139602.0
35500,142713.0,196335.0
35600,20552.0,46697.0
35700,238104.0,43026.0
35800,207312.0,271738.0
35800,93309.0,137370.0
36000,204292.0,268436.0
36000,203680.0,270992.0
36000,145908.0,190303.0
36000,89270.0,127834.0
36100,94801.0,146627.0
36100,233417.0,324987.0
36300,22431.0,42834.0
36300,25867.0,43823.0
36300,142395.0,195120.0
36300,35072.0,74829.0
36400,86853.0,131508.0
36400,204419.0,268745.0
36500,141200.0,195729.0
36500,18101.0,42320.0
36500,87683.0,131532.0
36600,397299.0,512650.0
36800,125894.0,172184.0
37000,34085.0,70596.0
37200,35515.0,76591.0
37200,205922.0,267238.0
37200,202627.0,268857.0
37300,68789.0,86172.0
37400,96798.0,145550.0
37600,33388.0,71282.0
37700,141260.0,205493.0
37700,31687.0,76454.0
37900,201996.0,272874.0
37900,150044.0,202894.0
38000,97759.0,139899.0
38000,94083.0,132791.0
38100,204071.0,270794.0
38100,33446.0,73289.0
38100,67559.0,113024.0
38100,93544.0,142231.0
38200,147457.0,210065.0
38200,92227.0,143087.0
38300,93255.0,144457.0
38400,31458.0,71821.0
38600,145590.0,209950.0
38700,33465.0,71449.0
38700,119847.0,162365.0
38900,120006.0,160771.0
38900,198749.0,270751.0
38900,200731.0,269450.0
39000,399412.0,511164.0
39100,68135.0,108723.0
39300,27324.0,73924.0
39400,148631.0,207976.0
39500,30972.0,70545.0
39500,68117.0,117084.0
39700,146341.0,208296.0
39700,59360.0,117186.0
40000,145351.0,208657.0
40100,58784.0,115430.0
40300,369874.0,467112.0
40300,33299.0,73380.0
40400,63131.0,109395.0
40400,145423.0,203712.0
40500,66895.0,113770.0
40500,145127.0,205613.0
40600,362909.0,466731.0
40700,150283.0,208676.0
40700,371003.0,467818.0
40900,18760.0,69373.0
40900,149281.0,202877.0
40900,64674.0,111877.0
41100,59463.0,112626.0
41200,141705.0,207314.0
41400,362578.0,471827.0
41600,365528.0,469694.0
41700,59889.0,109250.0
41800,363737.0,469748.0
42000,9999.0,50681.0
42000,21314.0,68047.0
42100,17852.0,65877.0
42100,21137.0,65676.0
42200,21393.0,68111.0
42200,21427.0,61457.0
42300,367089.0,469771.0
42300,22434.0,65893.0
42400,220757.0,297444.0
42600,22446.0,66485.0
42800,9133.0,44083.0
42900,122372.0,175968.0
43000,18388.0,64896.0
43200,120310.0,178938.0
43200,217036.0,291222.0
43200,367917.0,466755.0
43200,15635.0,60925.0
43300,18824.0,63487.0
43300,217840.0,299171.0
43300,119351.0,179347.0
43900,120527.0,174003.0
44000,55604.0,101916.0
44400,67272.0,130818.0
45100,67552.0,128659.0
45200,89427.0,157731.0
45700,118247.0,174711.0
46200,117227.0,174882.0
46300,120636.0,178823.0
46900,91672.0,158953.0
47000,42437.0,109553.0
47100,48062.0,107824.0
47500,95847.0,152789.0
47600,39364.0,108232.0
47700,93909.0,154158.0
47900,95377.0,157273.0
48000,41392.0,106075.0
48200,93127.0,159179.0
48800,47476.0,105332.0
48900,41260.0,102771.0
49300,40724.0,102546.0
49800,44462.0,102203.0
49900,45455.0,102971.0
50000,43689.0,104139.0
50100,48370.0,106233.0
50200,197770.0,271676.0
50200,46670.0,102264.0
50400,53992.0,63772.0
50400,168561.0,244322.0
50400,43635.0,104114.0
50400,53024.0,65024.0
50400,40140.0,103789.0
50600,178073.0,255435.0
50800,48667.0,63130.0
50800,44992.0,108486.0
50900,53334.0,63298.0
51100,28312.0,82300.0
51100,178810.0,252724.0
51600,31536.0,81233.0
51700,183615.0,257077.0
51700,181000.0,255026.0
51800,174945.0,251643.0
52000,31305.0,83147.0
52400,27234.0,83482.0
52700,23905.0,82670.0
52800,53532.0,68305.0
52900,48825.0,59418.0
53000,180371.0,256589.0
53200,182033.0,258678.0
53400,228236.0,305514.0
53500,179116.0,257688.0
53600,235895.0,299772.0
53600,208197.0,297280.0
53700,49669.0,63995.0
53700,25813.0,78955.0
53700,24158.0,82627.0
54000,176922.0,256977.0
58000,39436.0,75446.0
58100,42615.0,70584.0
58900,40100.0,70672.0
59200,43877.0,74768.0
59500,47485.0,69981.0
59700,39253.0,69299.0
59800,42069.0,72082.0
60000,122729.0,207797.0
60000,38944.0,69961.0
60500,40669.0,70207.0
62500,124491.0,198338.0
62700,120598.0,207803.0
62900,119903.0,201928.0
64200,64888.0,145725.0
64900,69786.0,148769.0
65100,67389.0,142740.0
65200,71151.0,143960.0
65200,63338.0,148871.0
65200,71061.0,141666.0
65500,205156.0,290239.0
65800,71611.0,146689.0
65800,70095.0,142922.0
66000,62296.0,143982.0
66400,69588.0,143926.0
66500,64423.0,143341.0
67400,66095.0,147203.0
68100,193298.0,288525.0
68700,197356.0,291242.0
69000,197587.0,295551.0
69600,198702.0,293252.0
69700,192163.0,293901.0
69700,191972.0,294367.0
70300,197761.0,294169.0
70500,196690.0,288512.0
70800,192044.0,292380.0
71200,196601.0,289430.0
77400,87651.0,224630.0
87000,48980.0,89764.0
87500,55938.0,86794.0
88300,54004.0,94838.0
88500,50240.0,94687.0
88800,53307.0,94058.0
88900,48919.0,93371.0
88900,57264.0,90185.0
89000,54576.0,92937.0
89200,54045.0,92924.0
89800,50370.0,91861.0
89900,48811.0,88934.0
